HYBAS_ID,fid,Area,X,Y,
2090334860,297,886,398943.246,451344.5446,
2090053040,462,102,430436.5964,581089.3364,
2090053020,461,337,426135.9489,577178.0172,
2090053040,462,102,434319.9638,572350.2728,
2090053050,456,268,427747.8857,569652.6447,
2090053050,456,268,431813.4496,570009.0303,
2090053050,456,268,430809.4378,567467.1593,
2090053050,456,268,423527.6438,566309.2857,
2090053050,456,268,436961.6528,565151.4151,
2090053050,456,268,433556.4079,564086.5243,
2090053050,456,268,426272.5233,561121.8001,
2090053060,255,375,430662.2801,556374.6192,
2090053060,255,375,438038.0669,556246.2138,
2090313640,466,256,339946.564,555832.364,
2090053060,255,375,427024.2886,551678.4966,
2090312650,458,266,410470.8076,551102.3671,
2090053060,255,375,427857.26,543228.4476,
2090053080,266,256,441956.0854,540778.1397,
2090053080,266,256,450302.5575,531744.634,
2090316280,256,658,420450.0199,528421.2913,
2090050680,428,686,299694.8701,527743.1089,
2090320930,264,207,427492.4872,524543.2376,
2090053110,247,319,458946.3947,524179.2,
2090053100,267,81,446684.4999,523520.7958,
2090320250,245,524,378266.7939,522990.61,
2090319200,268,143,443436.3766,519843.5247,
2090053110,247,319,454625.5594,519412.2932,
2090319260,261,52,445731.3531,516628.0378,
2090053100,267,81,451028.8719,518625.614,
2090050670,435,86,298068.5129,517200.9336,
2090320930,264,207,428970.8028,515151.4779,
2090050560,422,287,351868.3241,492460.2478,
2090053140,241,188,503221.6408,487972.8248,
2090050590,433,907,320255.1619,469779.5049,
2090053160,242,258,518000.534,467791.9894,
2090050510,444,119,344473.4287,463757.6342,
2090050510,444,119,347893.2567,461655.3596,
2090329160,293,514,430464.8629,455236.6424,
2090330210,287,174,460856.6453,452357.1255,
2090050470,449,674,332445.7182,446655.8344,
2090334860,297,886,406152.0289,441168.1549,
2090053200,252,817,504297.2222,438790.9356,
2090334860,297,886,429932.57,434968.7169,
2090334860,297,886,421778.4038,433831.6115,
2090050470,449,674,332329.2832,435910.3902,
2090332890,439,326,383864.6738,432956.4552,
2090334860,297,886,415811.5762,433432.2556,
2090334850,436,145,352809.2158,432491.0374,
2090053200,252,817,509882.7186,430667.3507,
2090334850,436,145,354233.512,430722.6662,
2090050470,449,674,334083.9445,428723.0579,
2090332890,439,326,376228.7734,428498.9805,
2090334490,437,147,368377.558,427861.7082,
2090334860,297,886,426471.2839,427839.5894,
2090334850,436,145,356308.4011,425669.5147,
2090335000,298,963,408096.8268,425547.4416,
2090335200,249,251,443405.3076,425082.268,
2090335000,298,963,423607.2252,425102.0798,
2090335000,298,963,439130.9756,423131.3147,
2090338280,440,165,381856.2232,423253.8046,
2090335000,298,963,414027.7368,423435.6817,
2090334490,437,147,369312.9458,422429.3668,
2090334950,443,407,353896.2416,422344.5655,
2090335200,249,251,445871.3852,421866.8259,
2090335000,298,963,424405.5155,421102.1216,
2090335000,298,963,432802.5932,421052.3444,
2090053300,331,469,516198.532,417952.408,
2090334950,443,407,358254.6852,417556.9281,
2090335000,298,963,414002.2472,417216.8055,
2090050420,441,510,334043.9928,415943.0039,
2090053300,331,469,519513.8896,415172.0543,
2090338350,400,192,389166.7171,413181.8279,
2090338350,400,192,381478.0381,407539.3155,
2090341040,399,411,371510.2051,410014.4258,
2090337990,318,101,489742.3614,409878.0681,
2090338350,400,192,385024.8063,410180.6006,
2090053300,331,469,526099.4856,409010.9688,
2090050420,441,510,341239.5465,407598.5598,
2090050420,441,510,329569.4641,407338.9994,
2090339990,305,320,435412.4817,407010.7446,
2090334950,443,407,348336.9262,406371.2007,
2090341040,399,411,387126.4027,406091.9308,
2090334950,443,407,357005.8773,405260.9596,
2090341040,399,411,393034.7649,404577.2469,
2090341040,399,411,389886.2568,404651.6315,
2090338110,328,289,458958.1866,402196.0109,
2090339990,305,320,443468.3155,401049.6801,
2090342060,397,208,365519.3083,400317.852,
2090341130,398,699,393950.1524,399761.0333,
2090342280,403,181,357411.025,399765.4406,
2090050420,441,510,332131.5228,399015.7268,
2090341040,399,411,381246.2889,399408.5495,
2090341040,399,411,376367.2691,398599.1704,
2090050420,441,510,341887.6041,398621.4639,
2090342060,397,208,361750.2895,397791.6193,
2090341040,399,411,385618.2177,397187.3992,
2090341040,399,411,379546.551,396509.9562,
2090050420,441,510,334792.7392,397026.9365,
2090341130,398,699,395273.937,394995.987,
2090341040,399,411,375754.4706,395066.377,
2090341130,398,699,392169.9936,394983.1748,
2090342280,403,181,351323.3459,394711.4989,
2090340040,304,82,442755.0467,392761.6903,
2090340960,323,903,448123.3142,392462.4204,
2090050350,394,477,329047.2699,391447.9408,
2090341130,398,699,378360.7713,391527.0115,
2090050410,401,185,347877.745,391747.766,
2090050420,441,510,343892.0283,391301.709,
2090050420,441,510,339257.546,389885.34,
2090341130,398,699,389339.4933,389972.3432,
2090341140,324,515,482068.627,389992.273,
2090341130,398,699,382951.7094,387336.9188,
2090342060,397,208,377342.3646,388780.3183,
2090342280,403,181,362199.6849,390476.9847,
2090050350,394,477,330021.8926,388050.2859,
2090341570,306,423,436245.7108,386577.5559,
2090050410,401,185,351400.1946,386230.8015,
2090342150,404,290,380022.161,385159.4157,
2090050350,394,477,334082.8669,382827.7365,
2090050350,394,477,326843.9965,382656.2937,
2090050410,401,185,352870.6692,381725.4892,
2090340960,323,903,470330.5433,380982.0384,
2090342150,404,290,384551.981,381080.0205,
2090340960,323,903,458739.2397,379718.8906,
2090050350,394,477,340087.5676,376006.9022,
2090342150,404,290,391172.7503,373759.0382,
2090341700,307,401,437668.699,371895.7548,
2090346400,140,224,496659.0755,370611.4597,
2090345150,392,650,365114.0216,366184.8964,
2090345260,391,428,385809.0531,363155.7928,
2090053370,345,347,555962.6256,363874.7899,
2090340960,323,903,454119.3905,360645.2262,
2090340960,323,903,449314.3025,358843.6749,
2090345150,392,650,369999.0521,355523.0517,
2090341140,324,515,480304.4602,353660.2012,
2090354650,315,276,440452.4261,349967.1052,
2090352830,303,125,453124.5003,348756.6032,
2090356380,354,376,384244.8728,346877.5894,
2090354670,312,213,443805.6915,346634.8747,
2090352830,303,125,458999.0597,345117.1151,
2090352270,341,434,532735.3822,343623.7844,
2090356380,354,376,389176.8714,346278.6177,
2090350020,300,455,461717.238,342110.958,
2090352830,303,125,455303.2594,341567.2719,
2090354670,312,213,446451.8444,341707.0249,
2090350020,300,455,458528.6309,336707.1503,
2090353110,302,48,451618.361,336414.3635,
2090346530,141,704,491520.7498,335927.7804,
2090354650,315,276,435682.5314,335048.9087,
2090354670,312,213,448131.0546,333104.5422,
2090355910,310,117,424231.8785,322969.1593,
2090356570,353,611,392666.0367,323104.4167,
2090355610,151,302,524667.7033,322687.7691,
2090053500,126,232,563305.0884,320772.1793,
2090355910,310,117,429417.0054,319792.1622,
2090358960,308,447,475172.2345,319229.8896,
2090354790,313,456,452588.6261,319240.9127,
2090357860,348,124,404491.5808,317694.2272,
2090359860,539,611,349458.2794,312922.3176,
2090356570,353,611,399023.9254,311043.5713,
2090357850,534,303,368585.7536,310229.7546,
2090361290,165,304,622492.2575,309878.9857,
2090358240,150,1076,546401.2609,309716.0626,
2090358400,346,113,411915.4166,309523.0234,
2090358230,352,100,405187.2923,309154.8695,
2090053560,156,819,652518.8623,307298.1286,
2090359110,309,477,458854.5166,304325.7255,
2090361180,358,420,421941.0797,303111.9913,
2090364430,335,421,400163.2122,301732.6614,
2090364430,335,421,397311.5246,299719.7239,
2090359110,309,477,460141.5219,298839.3619,
2090356570,353,611,391451.8439,299382.754,
2090358240,150,1076,518020.5906,298851.5916,
2090364430,335,421,401569.0498,297867.8945,
2090364430,335,421,412014.5205,296351.0181,
2090364430,335,421,395169.5883,296225.0315,
2090361180,358,420,442432.5213,293637.8434,
2090364430,335,421,396383.5935,292928.0365,
2090053570,161,172,653082.3422,292753.9329,
2090364430,335,421,400872.6387,292858.7152,
2090368910,510,366,390841.4473,291895.3947,
2090361180,358,420,435868.3213,291803.2583,
2090368910,510,366,393974.5427,289402.0868,
2090358240,150,1076,489106.1082,289114.3622,
2090364430,335,421,399498.4786,287800.9577,
2090368910,510,366,389326.8324,288463.0939,
2090364430,335,421,397017.7813,288998.9532,
2090364430,335,421,401978.4279,288094.9797,
2090360430,152,562,473314.3463,287250.084,
2090364430,335,421,408348.7408,285629.3511,
2090368910,510,366,391835.903,286490.6752,
2090368740,1,268,435302.9397,286559.2008,
2090368910,510,366,396517.9736,284279.2596,
2090368910,510,366,390504.5229,283817.5131,
2090365120,139,346,586914.7522,283370.308,
2090368740,1,268,433448.9482,279237.6432,
2090364600,336,126,413824.0595,279933.6911,
2090370030,130,219,487550.6697,278226.4376,
2090368910,510,366,382986.2326,276123.3671,
2090368800,555,351,451452.9597,275120.4902,
2090364540,355,187,417188.9128,276331.1379,
2090365110,138,704,570021.2112,276047.6733,
2090368750,133,423,523821.2474,272759.8799,
2090368740,1,268,429411.6219,272012.7216,
2090371390,515,198,395998.8204,270219.1706,
2090370090,129,186,488616.3328,268263.9233,
2090358240,150,1076,495549.9433,266631.3233,
2090373640,512,331,404965.8801,266761.6072,
2090370330,550,376,432077.204,266049.1268,
2090373150,553,302,429208.1886,264590.1027,
2090365110,138,704,585548.685,264376.7136,
2090371720,131,315,456859.4217,263168.9892,
2090371390,515,198,389444.7192,262435.4946,
2090370090,129,186,476299.7489,261279.0552,
2090369520,172,410,518275.4496,259731.6834,
2090053640,205,551,604891.243,258513.801,
2090369930,135,261,546169.6136,258347.2763,
2090373340,514,41,385633.415,255396.3373,
2090373150,553,302,419604.2878,255090.1445,
2090373800,180,476,506151.0949,248610.3454,
2090378340,506,242,378205.5537,246382.2387,
2090378810,199,659,566994.0841,245619.4948,
2090053640,205,551,616851.6986,244191.3698,
2090378450,505,751,403969.5097,243216.6199,
2090378810,199,659,588065.3203,241430.3444,
2090378130,119,271,445276.4651,240790.489,
2090377560,19,445,351070.2812,239960.4598,
2090375660,182,79,485426.6058,238545.4103,
2090053640,205,551,629087.5892,234574.7754,
2090375770,183,403,486673.3549,233726.675,
2090373950,181,547,522099.6533,232600.0565,
2090373950,181,547,518930.086,229617.1465,
2090053690,202,396,599426.8297,225371.3439,
2090375770,183,403,492416.7628,225274.9232,
2090383350,229,169,524793.0213,224519.9836,
2090053720,212,355,576112.2485,223341.7382,
2090383650,231,169,507981.9948,223020.5897,
2090383140,112,294,458309.6105,222839.2116,
2090384190,197,282,554162.9223,223153.269,
2090381270,509,174,394221.1476,221995.8965,
2090384190,197,282,548783.3276,221005.9782,
2090383430,527,148,384292.3528,217174.7727,
2090053680,201,333,617614.1383,216167.973,
2090053720,212,355,581831.9759,214804.4723,
2090385940,215,174,513722.171,214278.5932,
2090388190,221,671,481805.0926,213706.0992,
2090383500,230,136,524569.2158,212945.8672,
2090383360,198,118,532488.9539,212862.3722,
2090385620,124,371,435032.508,209915.001,
2090384190,197,282,545580.4255,209786.0714,
2090385940,215,174,522042.842,208510.6859,
2090391260,184,369,537234.6665,208144.9576,
2090385840,216,130,515961.813,207495.5444,
2090384870,211,640,571403.3725,207216.2219,
2090053720,212,355,585322.7802,206844.5202,
2090388200,190,184,506203.6747,207186.3913,
2090385060,111,41,452841.2675,205983.6931,
2090385750,123,304,428624.8891,206712.2648,
2090383640,526,232,384299.6663,205063.2129,
2090391260,184,369,534863.2241,202957.4603,
2090388180,222,477,449681.2808,197710.3787,
2090385940,215,174,519597.0891,196905.5375,
2090391160,191,353,543146.3,196419.272,
2090387970,218,75,513399.1591,196252.4103,
2090391260,184,369,528794.3381,198494.7494,
2090387970,218,75,510739.9428,197397.567,
2090053730,207,751,567811.7049,194985.5331,
2090387960,217,108,506379.8671,194992.7251,
2090384870,211,640,560214.0809,194282.4175,
2090389740,235,135,486410.3286,192866.1846,
2090392180,192,170,524307.8325,191781.3489,
2090053730,207,751,580590.7011,191112.7604,
2090388180,222,477,452133.3124,190422.253,
2090392180,192,170,515044.3601,189636.5367,
2090391160,191,353,541081.5398,190459.1191,
2090391260,184,369,531206.5424,189615.8397,
2090392050,188,196,553054.5676,187819.6757,
2090391260,184,369,537858.1909,190108.4172,
2090053730,207,751,570638.244,188947.0164,
2090053730,207,751,578798.2993,187981.9028,
2090053730,207,751,587562.5296,186847.4472,
2090386920,99,113,417463.8729,187357.0542,
2090392180,192,170,520250.819,185801.095,
2090386770,98,285,414599.0454,185516.7675,
2090391260,184,369,534182.8587,185416.8091,
2090392040,186,146,526795.5645,186682.6612,
2090392050,188,196,547760.3854,184857.245,
2090391260,184,369,531128.8027,184983.5133,
2090053730,207,751,578992.6405,183299.6746,
2090391270,185,50,541339.6102,182915.3194,
2090393810,228,182,508133.8339,182815.9409,
2090053730,207,751,570566.0941,182727.6073,
2090392650,518,187,370883.2966,182840.2457,
2090392180,192,170,516117.463,181630.5902,
2090392040,186,146,536356.8241,181533.5084,
2090392040,186,146,527731.6954,181006.9932,
2090394460,239,390,496852.8327,180665.8564,
2090394460,239,390,488180.8365,180872.6479,
2090392580,195,125,523690.9915,178690.2827,
2090392580,195,125,525568.4364,179564.58,
2090053730,207,751,562035.1433,178871.5823,
2090053790,208,38,558732.8884,178439.2873,
2090392040,186,146,533767.9544,176885.964,
2090049610,523,102,351623.331,178571.4897,
2090391270,185,50,542679.2113,176877.4598,
2090392200,189,382,548567.4649,175573.3432,
2090394460,239,390,495077.9352,176194.5962,
2090392570,226,462,471580.9,175806.2578,
2090392310,193,146,513814.225,175764.0923,
2090392820,524,511,365244.776,174731.4959,
2090392200,189,382,554676.565,174191.603,
2090392660,196,188,526234.77,174096.6005,
2090392190,187,174,537585.3488,174053.4697,
2090395050,530,722,391507.2227,173486.3189,
2090049610,523,102,358884.4323,173304.7795,
2090053800,94,221,565636.4424,172642.636,
2090392040,186,146,530831.8949,174396.4069,
2090392310,193,146,516570.6232,173221.2211,
2090392740,225,141,470708.4273,172298.2092,
2090394460,239,390,500706.6959,170860.9137,
2090394460,239,390,503960.5411,170161.1028,
2090392580,195,125,524677.4446,168124.3081,
2090053830,108,670,633975.9805,169831.91,
2090053820,95,340,574231.8691,166665.337,
2090394460,239,390,486794.9396,168542.0614,
2090053830,108,670,638605.8495,168236.0221,
2090394460,239,390,493243.7046,167990.8202,
2090392310,193,146,519496.1611,167678.3816,
2090394000,114,109,447174.2932,166867.2517,
2090391760,223,689,480429.498,167751.5658,
2090392200,189,382,542135.5719,160686.1317,
2090392310,193,146,515298.1617,166494.7092,
2090053820,95,340,579236.2024,165266.8252,
2090053830,108,670,611700.9837,165954.4768,
2090053820,95,340,576273.5551,164888.4888,
2090053830,108,670,637344.7781,165700.497,
2090392820,524,511,374418.3636,164556.4684,
2090053830,108,670,591255.577,166608.2478,
2090392660,196,188,526711.8722,164371.537,
2090392660,196,188,533133.0216,164182.6102,
2090392310,193,146,521621.1924,162950.7294,
2090395070,236,261,507544.4679,162289.6657,
2090394790,237,108,503762.8593,161555.6726,
2090049580,486,48,334103.738,161380.5855,
2090392310,193,146,520621.841,160843.8558,
2090394010,227,481,511545.6096,161810.8663,
2090391760,223,689,489003.8461,160913.4615,
2090392310,193,146,523353.2828,157829.4823,
2090395890,529,136,385821.8175,158059.5821,
2090053820,95,340,570827.1828,158480.0383,
2090053850,109,745,615017.8086,158060.0858,
2090394790,237,108,499331.2582,158153.0305,
2090392200,189,382,552643.9883,155318.6802,
2090053820,95,340,576225.3752,155076.7295,
2090394010,227,481,513741.2837,155034.2823,
2090391760,223,689,486142.4819,155342.5463,
2090391760,223,689,481050.0634,153426.6328,
2090391760,223,689,462902.606,152136.7917,
2090391760,223,689,486914.791,150575.3619,
2090395070,236,261,501044.9503,152137.9415,
2090394010,227,481,525620.4715,150178.8255,
2090394010,227,481,527815.8153,149970.4779,
2090395880,520,277,377937.6672,148121.995,
2090398600,97,256,559492.311,146898.1391,
2090399490,214,205,485478.0917,147097.9142,
2090400610,54,184,436385.2088,146101.4518,
2090394010,227,481,528200.8289,143492.8157,
2090053850,109,745,601195.9385,142259.1799,
2090053860,102,506,630808.6234,142204.6507,
2090394010,227,481,527227.4983,140975.4427,
2090398600,97,256,558864.2005,139833.2461,
2090400380,107,267,539148.4468,138401.9752,
2090394010,227,481,527116.194,136681.3791,
2090400600,478,104,330273.4562,136952.853,
2090053860,102,506,621050.1661,136643.4448,
2090049480,498,272,255686.2887,132819.6283,
2090399790,213,171,489667.8625,132908.1748,
2090406010,32,423,517900.5755,131419.7083,
2090403200,49,417,414063.5752,130621.8327,
2090400380,107,267,551800.9745,130415.7833,
2090048900,56,517,447510.2699,129522.9107,
2090402970,487,431,322766.1892,124774.437,
2090053940,105,577,533673.4867,124153.8626,
2090048900,56,517,443289.1387,121018.6613,
2090048900,56,517,446372.8739,119128.4494,
2090053950,125,594,531349.4369,119167.0985,
2090404010,488,415,354818.433,116470.1481,
2090048900,56,517,442433.1576,113523.9767,
2090048920,57,89,435003.7688,113544.1225,
2090048830,35,818,469511.0712,112810.8224,
2090053890,104,558,580604.5016,111019.3294,
2090048830,35,818,468094.5108,108866.3151,
2090053890,104,558,573318.5148,108137.2178,
2090048830,35,818,471390.1628,107180.4976,
2090048830,35,818,451402.693,107149.7966,
2090053950,125,594,530517.1149,106265.3196,
2090048830,35,818,456925.3038,106227.9437,
2090048830,35,818,486279.8215,105261.1837,
2090053950,125,594,518506.1109,105063.4209,
2090053950,125,594,513065.2194,104092.6197,
2090048930,64,598,443047.7941,104322.9166,
2090048790,36,30,506924.4339,102805.1839,
2090048830,35,818,465074.0246,102774.1384,
2090048830,35,818,455804.7227,102085.8901,
2090053890,104,558,560949.1543,100942.6067,
2090048830,35,818,459694.923,100979.5277,
2090048810,33,109,493245.8846,99763.27999,
2090048960,60,119,417675.4542,93694.59394,
2090412030,42,76,409771.0422,93545.18244,
2090049120,81,74,293460.9542,92359.13014,
2090048990,46,125,403234.6321,92772.20135,
2090048930,64,598,449614.2743,89340.80917,
2090049090,80,192,301454.3702,81848.90905,
2090049030,83,477,367380.6468,80403.24237,
2090049140,89,514,286093.8179,71094.63323,
2090049150,90,74,291719.7986,65427.01914,
2090049150,90,74,288626.7139,61238.68347,
2090049250,67,155,248921.4414,57436.93461,
2090049360,491,253,202324.728,52796.19364,
2090049370,492,301,182083.4404,44949.47017,
2090050340,417,315,340417.5208,366541.3446,
2090050300,406,141,284775.0044,378929.4489,
2090350840,420,191,333892.6096,350926.1986,
2090049720,15,502,316367.177,210681.1755,
2090049780,16,525,305151.2487,207333.3185,
2090050000,384,624,189800.6343,205353.9821,
2090049780,16,525,299780.4744,202839.1162,
2090049930,380,298,251984.0325,200507.1332,
2090388760,3,108,328729.0123,200270.8553,
2090049880,12,315,274193.168,197321.6157,
2090049890,13,491,264964.0017,194740.7243,
2090388760,3,108,328978.344,195073.9531,
2090049780,16,525,308283.0332,189649.5249,
2090049850,11,223,276150.8531,189092.7485,
2090049710,2,46,332447.7219,187362.5012,
2090049720,15,502,315029.8307,187473.9594,
2090049840,10,283,291213.7776,179983.572,
2090049780,16,525,317335.2703,178632.335,
2090049790,17,410,317776.2992,171679.1407,
2090049790,17,410,312262.5089,168421.273,
2090368740,1,268,434190.8244,279935.8295,
2090049710,2,46,329714.2577,190194.446,
2090388760,3,108,327373.3439,200989.4333,
2090388770,4,80,336399.9937,196325.916,
2090386020,5,106,343316.2514,203587.2747,
2090373940,6,291,290793.4222,250911.337,
2090372710,7,364,309142.6246,270030.1848,
2090373630,8,464,291720.2142,269161.7218,
2090049690,9,210,343360.6802,189787.6349,
2090049840,10,283,291990.7814,184274.2816,
2090049850,11,223,282232.0354,189597.8697,
2090049880,12,315,285529.9726,206789.2141,
2090049890,13,491,270122.4351,201108.6936,
2090385930,14,981,309920.177,223563.1065,
2090049720,15,502,318882.2091,195519.0697,
2090049780,16,525,303774.6683,200159.3847,
2090049790,17,410,305354.4415,175204.4526,
2090383220,18,377,356762.7134,224655.6822,
2090377560,19,445,334866.6476,242872.6248,
2090377150,20,170,363525.3053,250193.7891,
2090364590,21,140,296137.2276,294075.2921,
2090049670,22,119,360165.308,203849.6719,
2090049680,23,125,353348.2914,203765.1319,
2090383290,24,574,338039.8302,225513.0136,
2090377420,25,138,313236.565,232310.9933,
2090374990,26,60,303818.3671,248771.8766,
2090375000,27,103,312093.4597,253973.3819,
2090377140,28,233,353622.3053,249704.9343,
2090372500,29,364,333966.6771,264496.3501,
2090372490,30,282,333322.9256,255574.0058,
2090377310,31,144,311322.9846,243444.5605,
2090406010,32,423,507169.9412,131743.0249,
2090048810,33,109,494036.3559,104811.44,
2090048820,34,137,487759.3113,108882.6493,
2090048830,35,818,466397.3075,109646.7328,
2090048790,36,30,508237.4736,103202.0319,
2090048800,37,200,504268.5387,110604.9672,
2090406340,38,384,485916.8215,123120.4754,
2090409980,39,170,398377.3024,111862.3438,
2090403080,40,164,421833.5074,145937.194,
2090048980,41,467,412844.879,116094.8189,
2090412030,42,76,407909.5472,96500.94657,
2090410970,43,150,407107.4799,107433.9372,
2090410150,44,433,387067.085,108759.2895,
2090406330,45,142,370584.4994,109754.5796,
2090048990,46,125,400060.4769,92728.78827,
2090049010,47,211,379553.9374,96535.00387,
2090049020,48,450,370735.7841,92009.97274,
2090403200,49,417,413311.1637,152165.0579,
2090402990,50,463,397307.5681,141955.4445,
2090402800,51,215,395970.0913,129679.2294,
2090405990,52,264,377482.0185,126584.0591,
2090406000,53,353,431779.909,131649.5636,
2090400610,54,184,432029.6375,147615.3647,
2090400020,55,121,449584.9658,140480.8568,
2090048900,56,517,453031.7906,128437.355,
2090048920,57,89,435026.8065,114734.7723,
2090406160,58,141,427119.7907,119196.2228,
2090048950,59,134,427654.4486,103736.8263,
2090048960,60,119,424763.1133,96011.11648,
2090400620,61,45,440942.8027,142993.1059,
2090399160,62,128,437942.4745,155337.4995,
2090399170,63,172,451836.8108,150333.0362,
2090048930,64,598,446381.9159,91676.80845,
2090049210,65,105,264794.2225,56045.2755,
2090049220,66,136,257272.4302,53647.61097,
2090049250,67,155,254735.1827,62264.11083,
2090049260,68,64,246483.856,59973.68286,
2090049170,69,485,273792.6027,67195.20131,
2090049180,70,211,277154.8377,43636.57671,
2090049190,71,158,272303.9343,53878.1113,
2090415630,72,109,224740.6576,81497.40184,
2090414110,73,115,236903.4191,90615.08188,
2090414120,74,223,246506.7721,88441.79528,
2090413590,75,119,223950.128,90902.38673,
2090049270,76,216,251579.4461,75668.4585,
2090049290,77,108,240743.2195,72890.78284,
2090415550,78,52,235486.3394,81330.7564,
2090049080,79,237,312590.7835,99181.74507,
2090049090,80,192,301392.1049,92228.29726,
2090049120,81,74,290999.0304,91671.25178,
2090411350,82,271,281875.0845,100807.2626,
2090049030,83,477,367833.5491,81916.07117,
2090049050,84,108,337333.2955,95190.27853,
2090049060,85,380,329042.2614,101968.58,
2090049070,86,80,315696.4295,90132.65287,
2090404280,87,152,291598.1147,134678.4338,
2090049130,88,105,293488.532,81934.24101,
2090049140,89,514,279406.5602,81110.93309,
2090049150,90,74,288859.2299,60503.90962,
2090410850,91,343,294400.0373,116337.9651,
2090411360,92,283,306797.8231,109775.4234,
2090404270,93,124,282102.3298,134777.3644,
2090053800,94,221,573979.2111,173671.8241,
2090053820,95,340,573922.27,158887.4213,
2090398470,96,487,578577.4844,140838.9555,
2090398600,97,256,561462.88,148234.4233,
2090386770,98,285,411501.6105,193958.0325,
2090386920,99,113,421134.9561,187667.1574,
2090387430,100,171,399143.9124,195749.28,
2090387340,101,136,400738.2437,207619.0916,
2090053860,102,506,617099.3838,136517.3137,
2090053880,103,694,579925.1786,125657.6451,
2090053890,104,558,563451.1655,109450.7713,
2090053940,105,577,541951.7658,119592.0035,
2090400260,106,238,541638.8008,146976.0341,
2090400380,107,267,548403.9511,135943.0507,
2090053830,108,670,601422.3039,163969.138,
2090053850,109,745,613713.4209,150975.8328,
2090385050,110,59,448082.0977,209424.6854,
2090385060,111,41,453642.3241,209232.0709,
2090383140,112,294,460965.1201,219930.4982,
2090383050,113,141,448486.4781,226602.7627,
2090394000,114,109,438127.8086,168304.7618,
2090393800,115,239,438469.9789,177851.7889,
2090393330,116,311,417893.2986,172613.139,
2090393570,117,121,427616.9847,164578.0787,
2090378250,118,161,440383.4771,237655.4989,
2090378130,119,271,449781.9901,246936.4438,
2090386500,120,172,409725.6777,210746.4934,
2090383940,121,425,432725.4133,222938.4047,
2090384180,122,75,442563.7614,205616.3619,
2090385750,123,304,425433.2509,204847.6907,
2090385620,124,371,419627.4226,219258.1534,
2090053950,125,594,522729.7295,114662.11,
2090053500,126,232,563552.251,318807.8606,
2090358410,127,618,536497.0653,291156.5795,
2090358510,128,593,561822.3371,300911.8227,
2090370090,129,186,484445.266,261987.4258,
2090370030,130,219,483352.1959,277761.5282,
2090371720,131,315,466007.7488,259762.454,
2090371570,132,242,473117.9724,270434.8263,
2090368750,133,423,536964.8038,268400.778,
2090368810,134,204,559881.9712,263004.6411,
2090369930,135,261,544820.8811,257133.5795,
2090363440,136,40,561434.2117,294233.9824,
2090363260,137,560,580057.6786,301284.3924,
2090365110,138,704,571479.7406,270562.799,
2090365120,139,346,573601.2621,285307.0757,
2090346400,140,224,490745.8442,379594.004,
2090346530,141,704,489103.7188,343371.1074,
2090053420,142,149,532360.0652,331474.519,
2090355500,143,572,507382.7005,323000.9855,
2090349230,144,282,513173.6444,364641.171,
2090349480,145,268,506703.1035,350856.3465,
2090346410,146,107,503435.6281,368842.5583,
2090346240,147,341,509418.6253,379732.1475,
2090053470,148,104,551452.4281,322988.3175,
2090358180,149,158,536697.668,312389.3403,
2090358240,150,1076,511887.9054,291457.2447,
2090355610,151,302,518697.8216,310869.1305,
2090360430,152,562,481446.5243,295684.5204,
2090360150,153,148,491662.8507,309215.1946,
2090053430,154,256,537671.5868,323401.6888,
2090362550,155,249,634442.1815,303195.8781,
2090053560,156,819,626793.3065,283790.2401,
2090359400,157,481,621138.1178,325405.0976,
2090359270,158,138,632580.5563,326883.495,
2090053550,159,270,623999.8327,339531.4277,
2090361450,160,219,643819.3601,314993.7804,
2090053570,161,172,648923.1408,287700.8449,
2090053590,162,185,639008.7673,276789.1879,
2090053600,163,154,642721.3737,266135.9297,
2090053610,164,305,635749.6934,258827.4465,
2090361290,165,304,610411.9546,316683.3064,
2090361570,166,472,613373.3393,300840.0587,
2090358050,167,237,591888.7699,326662.1025,
2090358190,168,106,595275.5971,315920.0645,
2090373660,169,208,550532.5941,239468.5974,
2090374350,170,118,556689.0256,246812.6566,
2090369270,171,207,511856.2334,276517.8895,
2090369520,172,410,514282.289,261822.8648,
2090367100,173,315,599063.427,291123.2784,
2090367230,174,426,596197.3345,274208.0183,
2090373650,175,315,535010.7493,244461.2197,
2090376320,176,225,467886.1154,247812.886,
2090376460,177,495,469011.1933,233604.5969,
2090053510,178,507,576879.8933,335727.2517,
2090053540,179,135,596413.3284,336907.1453,
2090373800,180,476,499256.2221,250200.7049,
2090373950,181,547,515576.3498,236601.1072,
2090375660,182,79,483041.8689,239999.3067,
2090375770,183,403,492324.0073,230031.9355,
2090391260,184,369,534862.9243,197430.3381,
2090391270,185,50,541280.227,180815.2096,
2090392040,186,146,531232.3226,178808.1041,
2090392190,187,174,539205.5854,167253.424,
2090392050,188,196,551507.9599,186663.5998,
2090392200,189,382,551471.2506,164035.2119,
2090388200,190,184,502612.7164,206395.4991,
2090391160,191,353,551207.5048,202247.4311,
2090392180,192,170,519682.2518,187708.5655,
2090392310,193,146,518631.4988,165882.5169,
2090383230,194,151,537383.2117,227253.1271,
2090392580,195,125,522678.6728,174926.8109,
2090392660,196,188,529921.847,162290.5432,
2090384190,197,282,548811.9243,219521.7216,
2090383360,198,118,540974.5942,219513.1683,
2090378810,199,659,581425.3636,244467.912,
2090378720,200,192,597737.658,247834.4023,
2090053680,201,333,615405.2178,223125.4617,
2090053690,202,396,588166.1081,228255.8718,
2090053620,203,35,635311.3312,244135.2187,
2090053630,204,399,624258.6621,252506.7134,
2090053640,205,551,611064.9099,248620.6118,
2090053670,206,54,606409.3201,232546.1893,
2090053730,207,751,584737.1515,193126.5784,
2090053790,208,38,557911.3811,175732.0401,
2090392060,209,130,560559.8186,184860.1786,
2090053700,210,152,595982.9261,212977.856,
2090384870,211,640,568043.9443,211066.8294,
2090053720,212,355,576166.1391,224490.8107,
2090399790,213,171,482010.0374,136124.2666,
2090399490,214,205,473273.5993,139000.7624,
2090385940,215,174,518983.5555,205124.7465,
2090385840,216,130,508718.7787,212346.2667,
2090387960,217,108,497117.5505,201883.5547,
2090387970,218,75,512201.425,198820.4761,
2090394450,219,157,449382.6408,160628.4174,
2090394210,220,54,451429.9525,168228.5071,
2090388190,221,671,474801.8614,208372.5837,
2090388180,222,477,443037.0586,193421.9476,
2090391760,223,689,475760.9819,158263.6456,
2090391750,224,32,474492.3674,175616.1718,
2090392740,225,141,465039.5938,167184.6802,
2090392570,226,462,458691.5493,181355.3081,
2090394010,227,481,521976.2164,147720.0677,
2090393810,228,182,510369.1666,176981.6309,
2090383350,229,169,529555.0828,223645.211,
2090383500,230,136,519719.3025,219321.1475,
2090383650,231,169,517022.5617,216361.5187,
2090399010,232,109,505154.721,140060.4513,
2090399180,233,120,493070.1202,142939.3757,
2090389730,234,266,477309.9051,186582.3711,
2090389740,235,135,484521.0439,195170.3767,
2090395070,236,261,502213.7318,152497.3746,
2090394790,237,108,496662.4454,161985.5977,
2090393160,238,307,498977.0808,190668.2347,
2090394460,239,390,494057.3953,175163.7605,
2090053130,240,355,477266.8915,504542.0546,
2090053140,241,188,503886.095,488044.2905,
2090053160,242,258,502941.035,471022.5714,
2090053170,243,446,525050.9033,432201.7456,
2090320830,244,312,416540.4563,516101.6778,
2090320250,245,524,389439.4259,524831.6797,
2090320320,246,130,397563.1069,510556.0267,
2090053110,247,319,469408.5335,516744.9574,
2090053240,248,401,465298.7033,420276.7388,
2090335200,249,251,453849.3072,425670.281,
2090335010,250,209,459923.4303,433638.7939,
2090053180,251,200,514356.8149,440946.9996,
2090053200,252,817,500941.9373,450704.8566,
2090053210,253,385,488023.2386,434854.9657,
2090309900,254,484,370264.5035,589554.5865,
2090053060,255,375,431761.6414,548783.3494,
2090316280,256,658,404827.0051,535192.3658,
2090312410,257,126,390949.0417,556973.5287,
2090312100,258,807,374669.0456,555470.6742,
2090311990,259,300,387459.45,575912.1409,
2090309910,260,346,384263.2581,596017.2578,
2090319260,261,52,446329.5442,515264.582,
2090320440,262,173,435396.3485,509896.9073,
2090320450,263,206,453167.638,507611.6398,
2090320930,264,207,430889.4758,525989.6016,
2090316110,265,177,416450.0979,544534.8358,
2090053080,266,256,444465.6957,537397.3078,
2090053100,267,81,450427.2238,519863.4338,
2090319200,268,143,439261.1596,522652.044,
2091096140,269,124,412837.9806,448917.0519,
2090325970,270,52,436851.6398,478000.294,
2090325880,271,222,445532.5316,486702.8385,
2090325420,272,110,465109.5162,475966.7611,
2090327510,273,49,442418.628,472095.3994,
2090327500,274,167,434538.3738,465557.4754,
2090325890,275,161,479307.757,484180.4932,
2090325750,276,488,493275.8635,484380.3634,
2090326500,277,738,404208.1372,485350.6143,
2090324580,278,223,437594.3973,496629.9509,
2090324530,279,49,433079.525,486480.2586,
2091095590,280,128,405709.7899,460069.9142,
2090325430,281,119,473813.3573,492230.2063,
2090325200,282,153,466944.0523,492367.1113,
2090325190,283,298,458146.2038,489708.446,
2090326620,284,120,422821.4155,471673.7942,
2090332480,285,105,461244.8046,446388.1226,
2091096380,286,140,443073.7042,440925.8903,
2090330210,287,174,462936.1507,462757.0608,
2090330140,288,113,455292.9468,453893.4983,
2090334510,289,99,470715.3757,435702.426,
2090331650,290,371,474976.9664,462731.7073,
2090331660,291,204,480195.9084,449670.6453,
2090332620,292,118,451540.1761,440588.5618,
2090329160,293,514,424804.163,461165.8275,
2090329040,294,78,446248.2137,461571.584,
2090328790,295,202,452764.9165,469785.48,
2091096200,296,133,418827.941,452603.5003,
2090334860,297,886,409343.8957,442793.5404,
2090335000,298,963,413565.4348,420282.8529,
2091096090,299,133,434423.557,445509.9388,
2090350020,300,455,464549.1713,344770.5004,
2090350120,301,273,473182.4947,337015.3525,
2090353110,302,48,452254.8537,335502.6786,
2090352830,303,125,454624.2838,347687.4336,
2090340040,304,82,444770.24,395977.8067,
2090339990,305,320,435185.8454,406181.1465,
2090341570,306,423,428239.7772,393065.8349,
2090341700,307,401,440824.4713,375515.0484,
2090358960,308,447,475875.9035,316094.4915,
2090359110,309,477,457000.7785,297593.8158,
2090355910,310,117,423806.0142,320360.4943,
2090355780,311,1019,411865.5688,346530.7054,
2090354670,312,213,446129.6684,345320.3007,
2090354790,313,456,452671.7494,317469.2763,
2090354920,314,239,436076.0976,326446.9743,
2090354650,315,276,434395.6471,342836.5413,
2090053250,316,62,485124.2001,415917.2111,
2090337930,317,30,480151.5831,411190.5875,
2090337990,318,101,487828.359,408204.3046,
2090323670,319,166,421936.5583,490004.4605,
2090323610,320,611,406738.8792,500965.0471,
2091094920,321,80,399713.6379,465810.694,
2091094410,322,200,390944.4573,475317.2411,
2090340960,323,903,461132.766,377662.6712,
2090341140,324,515,479203.9602,371802.8386,
2090338830,325,51,453903.0838,401400.686,
2090338700,326,101,450302.7877,409022.2643,
2090337920,327,168,464774.4753,411754.3497,
2090338110,328,289,465398.0436,400735.1963,
2090339170,329,123,490106.0245,397759.8835,
2090339260,330,97,482389.4698,397504.2782,
2090053300,331,469,515063.6392,412264.1406,
2090053320,332,306,527716.6194,395254.1511,
2090053330,333,131,540113.7918,391945.0648,
2090053340,334,201,539256.8182,381869.9159,
2090364430,335,421,403670.3742,291944.9127,
2090364600,336,126,412801.1381,282641.0279,
2090053270,337,69,490904.4166,420219.5366,
2090053290,338,553,502954.6814,400053.5485,
2090053390,339,75,545183.0494,349504.0402,
2090053410,340,54,536344.9494,344018.2967,
2090352270,341,434,516322.6462,337945.056,
2090352130,342,523,526595.0592,362147.6,
2090053350,343,98,550650.228,379962.2545,
2090053360,344,144,548890.8612,371351.2719,
2090053370,345,347,542964.5759,361874.2789,
2090358400,346,113,415918.278,309305.704,
2090358500,347,172,430235.2378,312636.1751,
2090357860,348,124,403786.1036,318506.0957,
2090357760,349,162,402917.9772,331999.8041,
2090350250,350,127,428849.3109,359048.6705,
2090350260,351,142,438686.1215,358472.9963,
2090358230,352,100,412895.6494,318136.7189,
2090356570,353,611,388994.6343,318480.6627,
2090356380,354,376,391103.9699,341830.9337,
2090364540,355,187,419434.5357,279045.8122,
2090346970,356,281,414718.061,370726.3169,
2090346860,357,354,419179.756,383187.0663,
2090361180,358,420,435606.5053,299892.2004,
2090361280,359,242,417775.1902,297976.9179,
2091112050,360,165,271541.0289,264354.4946,
2090050050,361,149,234116.4616,254514.0847,
2090050070,362,163,254881.8255,258676.0956,
2090050080,363,138,255872.8543,267436.6334,
2091113860,364,172,234638.7377,242617.338,
2091113910,365,167,243907.995,242815.1919,
2091113650,366,146,252387.06,246825.5977,
2091113070,367,127,263638.7864,252840.3007,
2090050130,368,554,282528.1032,305720.0001,
2090050140,369,39,262463.8938,298542.4389,
2090050150,370,137,265955.1617,306953.9364,
2090050160,371,49,261532.704,310795.5833,
2090050090,372,191,270743.6474,274562.9224,
2090050100,373,200,273845.9811,283105.5525,
2090050120,374,176,266296.3695,288892.2417,
2090381660,375,146,241424.9135,228706.7427,
2090381880,376,204,260956.0259,224929.4401,
2090381740,377,308,260091.5199,237644.5722,
2090380040,378,138,275575.0395,225099.6474,
2090049920,379,353,262388.1684,208512.7923,
2090049930,380,298,246553.2208,207946.2154,
2090049950,381,67,240899.7476,218353.875,
2090381730,382,31,247659.2068,221811.9075,
2090049990,383,662,201770.2874,219787.1277,
2090050000,384,624,184605.7312,229832.9863,
2090050040,385,102,220401.4612,244402.568,
2091113850,386,116,226524.0777,237947.1254,
2090379950,387,74,270975.9039,234447.3202,
2090378560,388,133,282660.2734,237383.5585,
2090378440,389,224,276815.1856,249907.0406,
2090049960,390,794,217741.4993,213931.337,
2090345260,391,428,382914.304,363725.7304,
2090345150,392,650,365254.0411,351651.9325,
2090352260,393,438,292535.3051,335248.0929,
2090050350,394,477,340109.4538,375299.6843,
2090050390,395,145,358092.8673,375742.7415,
2090345100,396,209,375478.2655,375189.7859,
2090342060,397,208,367791.8059,399031.5322,
2090341130,398,699,397283.8083,392028.5206,
2090341040,399,411,379630.3829,405885.2672,
2090338350,400,192,389141.4754,413793.4996,
2090050410,401,185,352229.8321,386573.4685,
2090342440,402,60,365723.3766,388312.1601,
2090342280,403,181,354216.8182,396111.8733,
2090342150,404,290,385134.4147,379350.2895,
2090050290,405,534,278285.654,357154.7166,
2090050300,406,141,287322.7162,377100.4325,
2090050320,407,740,303077.5147,364221.9482,
2090050330,408,177,314743.1457,377222.4439,
2090050170,409,344,274370.1198,323848.5985,
2090050180,410,186,261383.6429,327431.4964,
2090050190,411,168,270762.6209,340425.2241,
2090050200,412,1974,246222.4604,361465.3524,
2090350850,413,164,346652.8447,342607.4526,
2090352710,414,208,319107.1704,343875.6905,
2090352820,415,152,320580.7706,335827.3012,
2090352120,416,215,297815.9196,348721.1772,
2090050340,417,315,338845.6962,363917.2947,
2090349330,418,284,325682.0334,358799.4086,
2090349470,419,36,341218.8641,352688.9879,
2090350840,420,191,333894.9483,345833.6461,
2090050540,421,140,354978.6835,484334.5415,
2090050560,422,287,349683.1696,497016.0799,
2090050570,423,155,340434.3191,482597.9102,
2090326240,424,100,362714.7736,482861.3697,
2090323760,425,205,372086.3805,490972.7272,
2090323750,426,228,362239.7001,503130.7284,
2090326980,427,164,350408.6864,470956.5317,
2090050680,428,686,320365.5148,524098.5265,
2090050690,429,622,320578.1748,547216.9237,
2090050770,430,66,336104.4416,558289.6379,
2090313570,431,96,344649.2156,558026.7169,
2090050580,432,326,335316.0919,499074.0584,
2090050590,433,907,318861.1263,491319.9939,
2090050660,434,143,307069.3425,514236.7307,
2090050670,435,86,298880.0796,517795.4803,
2090334850,436,145,350556.1303,428448.223,
2090334490,437,147,365689.4228,425411.1865,
2090334410,438,124,363611.9567,434720.1365,
2090332890,439,326,382772.9953,434563.804,
2090338280,440,165,380856.2806,420426.7311,
2090050420,441,510,337905.5082,403431.7958,
2090050460,442,45,341275.5502,425859.2213,
2090334950,443,407,353647.4684,413309.867,
2090050510,444,119,351161.7434,463978.4525,
2090327140,445,241,369008.0389,465989.2591,
2090326330,446,147,369021.2431,476477.6189,
2090332610,447,452,380288.9663,457183.9527,
2090332600,448,261,366937.2564,450061.0224,
2090050470,449,674,345982.7093,444114.4199,
2090052960,450,252,412837.4195,613120.6114,
2090052990,451,607,401939.6472,603905.0928,
2090053000,452,137,425041.1339,594626.3382,
2090300700,453,686,395050.2603,626669.6893,
2090302830,454,163,379499.7208,612483.5681,
2090052950,455,424,412035.1456,633057.1671,
2090053050,456,268,426565.095,562936.3052,
2090312530,457,258,407228.5793,563140.7453,
2090312650,458,266,404350.4502,552004.0567,
2090312340,459,38,394154.2536,565487.1305,
2090053010,460,337,408099.2425,587540.187,
2090053020,461,337,413936.4639,576852.575,
2090053040,462,102,429553.7928,574531.7913,
2090313420,463,314,356593.2822,542818.5169,
2090317590,464,400,346479.7157,519032.1344,
2090317600,465,685,370719.9205,516870.6373,
2090313640,466,256,336576.7249,539415.0637,
2090313730,467,170,346161.7961,539150.0457,
2090313300,468,356,359093.8389,566107.9349,
2090310970,469,329,348111.7433,581382.51,
2090052940,470,30,397008.0685,652643.4278,
2090299390,471,90,391793.0772,646532.6163,
2090300690,472,367,384564.326,637395.1483,
2090050780,473,98,333517.7665,565607.6509,
2090312160,474,229,350217.0057,573723.7687,
2090312090,475,94,339308.2456,572952.689,
2090049520,476,85,323019.5422,138866.8599,
2090400470,477,197,347059.7103,132221.9105,
2090400600,478,104,329421.4254,133847.2346,
2090402980,479,74,336056.1125,126535.8369,
2090407320,480,122,278272.4175,116257.2192,
2090407470,481,156,273472.4637,106230.0752,
2090408420,482,108,265573.9654,100312.2492,
2090049490,483,751,282231.9479,142398.3083,
2090049530,484,573,352314.443,140774.3811,
2090049560,485,230,343912.5817,152593.7648,
2090049580,486,48,334482.5284,161764.9173,
2090402970,487,431,316094.9849,125624.0065,
2090404010,488,415,358079.8033,117570.3898,
2090404000,489,368,340069.7792,115152.0669,
2090049350,490,276,215538.5042,65253.01233,
2090049360,491,253,199349.1822,48871.54293,
2090049370,492,301,188374.6782,49146.76241,
2090049380,493,1315,165887.3461,39084.73992,
2090413460,494,238,231962.5045,101820.8162,
2090049300,495,41,241147.2197,61594.7042,
2090049310,496,230,231553.2466,67913.37513,
2090049320,497,251,227444.6236,58066.76464,
2090049480,498,272,260262.2163,130061.0542,
2090406510,499,73,264080.2795,114498.368,
2090406150,500,344,274016.1853,128426.5791,
2090049420,501,344,205795.4489,73940.23153,
2090049430,502,418,219913.5928,100232.6228,
2090049450,503,826,248067.1685,109926.6336,
2090049460,504,33,250553.3474,131336.3243,
2090378450,505,751,399649.187,244835.0355,
2090378340,506,242,382610.7703,241868.4984,
2090373410,507,290,373867.6155,256823.0198,
2090381280,508,101,388944.6848,218753.6662,
2090381270,509,174,390709.8357,225673.6757,
2090368910,510,366,388310.9269,285503.5721,
2090373790,511,119,414803.1654,249724.4513,
2090373640,512,331,410854.6024,265419.0085,
2090369500,513,271,357092.5581,270616.6096,
2090373340,514,41,386186.3431,256648.4362,
2090371390,515,198,391560.6097,268504.4654,
2090371290,516,111,379567.9924,267243.4718,
2090368990,517,317,372011.0146,285129.5273,
2090392650,518,187,366917.9826,181930.6703,
2090395190,519,149,368757.5609,156235.4948,
2090395880,520,277,374019.1232,147273.7095,
2090049590,521,135,345142.8193,161725.3155,
2090049600,522,140,346450.4859,170667.165,
2090049610,523,102,355422.7359,174053.0326,
2090392820,524,511,369505.2832,167840.9811,
2090049660,525,236,370942.2498,208316.4013,
2090383640,526,232,387302.2361,205012.3718,
2090383430,527,148,378972.1424,214758.7288,
2090381400,528,324,371450.8481,232140.5401,
2090395890,529,136,385447.6094,154953.8324,
2090395050,530,722,393086.9641,178839.5005,
2090395420,531,163,397162.5245,157711.7463,
2090049620,532,309,367643.058,191339.7011,
2090358600,533,254,351680.9198,328881.438,
2090357850,534,303,372564.9666,319240.7679,
2090357750,535,266,365783.3764,330760.6462,
2090358160,536,186,324353.7727,310279.9322,
2090360530,537,153,348591.466,301021.7054,
2090360290,538,66,358786.8594,311896.0524,
2090359860,539,611,340552.6771,316060.9079,
2090362170,540,146,326406.7984,295468.7924,
2090359260,541,185,302190.6804,318598.9849,
2090359390,542,211,302315.8674,309314.3406,
2090364850,543,218,293721.8865,284994.9133,
2090358040,544,119,329030.497,324702.733,
2090357170,545,134,315769.9996,317930.3717,
2090357180,546,250,313074.8704,327122.0698,
2090362160,547,362,310609.7475,295268.8959,
2090363360,548,172,362934.3507,301655.2395,
2090368180,549,156,353540.3089,286215.807,
2090370330,550,376,444309.7864,263862.4454,
2090369260,551,161,364427.0566,280351.8711,
2090373240,552,323,425567.281,240150.5201,
2090373150,553,302,428515.618,256275.1955,
2090363430,554,260,377369.7443,302034.817,
2090368800,555,351,453592.8858,278414.1353,
2090368690,556,217,325126.4601,276706.7415,
2090368410,557,230,331366.3122,283059.8452,
2090370200,558,30,430484.2307,269262.1845,
2090367840,559,69,343812.5625,272213.3173,
2090368170,560,253,342591.7671,289740.6816,
