fid,X,Y,6year,10year,30year,100year,1000year
460,428059.4543,587057.3543,30.6,35.1,45.7,59.3,98.5
462,430436.5964,581089.3364,30.6,35.1,45.7,59.3,98.5
461,426135.9489,577178.0172,30.6,35.1,45.7,59.3,98.5
462,434319.9638,572350.2728,30.6,35.1,45.7,59.3,98.5
456,427747.8857,569652.6447,30.6,35.1,45.7,59.3,98.5
456,431813.4496,570009.0303,30.6,35.1,45.7,59.3,98.5
456,430809.4378,567467.1593,30.6,35.1,45.7,59.3,98.5
456,423527.6438,566309.2857,30.6,35.1,45.7,59.3,98.5
456,436961.6528,565151.4151,30.6,35.1,45.7,59.3,98.5
456,433556.4079,564086.5243,30.6,35.1,45.7,59.3,98.5
456,426272.5233,561121.8001,30.6,35.1,45.7,59.3,98.5
255,430662.2801,556374.6192,30.6,35.1,45.7,59.3,98.5
255,438038.0669,556246.2138,30.6,35.1,45.7,59.3,98.5
466,339946.564,555832.364,30.6,35.1,45.7,59.3,98.5
255,427024.2886,551678.4966,30.6,35.1,45.7,59.3,98.5
458,410470.8076,551102.3671,30.6,35.1,45.7,59.3,98.5
255,427857.26,543228.4476,30.6,35.1,45.7,59.3,98.5
266,441956.0854,540778.1397,30.6,35.1,45.7,59.3,98.5
266,450302.5575,531744.634,30.6,35.1,45.7,59.3,98.5
256,420450.0199,528421.2913,30.6,35.1,45.7,59.3,98.5
428,299694.8701,527743.1089,30.6,35.1,45.7,59.3,98.5
264,427492.4872,524543.2376,30.6,35.1,45.7,59.3,98.5
247,458946.3947,524179.2,30.6,35.1,45.7,59.3,98.5
267,446684.4999,523520.7958,30.6,35.1,45.7,59.3,98.5
245,378266.7939,522990.61,30.6,35.1,45.7,59.3,98.5
268,443436.3766,519843.5247,30.6,35.1,45.7,59.3,98.5
247,454625.5594,519412.2932,30.6,35.1,45.7,59.3,98.5
261,445731.3531,516628.0378,30.6,35.1,45.7,59.3,98.5
267,451028.8719,518625.614,30.6,35.1,45.7,59.3,98.5
435,298068.5129,517200.9336,30.6,35.1,45.7,59.3,98.5
264,428970.8028,515151.4779,30.6,35.1,45.7,59.3,98.5
422,351868.3241,492460.2478,30.6,35.1,45.7,59.3,98.5
241,503221.6408,487972.8248,30.6,35.1,45.7,59.3,98.5
433,320255.1619,469779.5049,30.6,35.1,45.7,59.3,98.5
242,518000.534,467791.9894,30.6,35.1,45.7,59.3,98.5
444,344473.4287,463757.6342,30.6,35.1,45.7,59.3,98.5
444,347893.2567,461655.3596,30.6,35.1,45.7,59.3,98.5
293,430464.8629,455236.6424,30.6,35.1,45.7,59.3,98.5
287,460856.6453,452357.1255,30.6,35.1,45.7,59.3,98.5
449,332445.7182,446655.8344,30.6,35.1,45.7,59.3,98.5
297,406152.0289,441168.1549,30.6,35.1,45.7,59.3,98.5
252,504297.2222,438790.9356,30.6,35.1,45.7,59.3,98.5
297,429932.57,434968.7169,30.6,35.1,45.7,59.3,98.5
297,421778.4038,433831.6115,30.6,35.1,45.7,59.3,98.5
449,332329.2832,435910.3902,30.6,35.1,45.7,59.3,98.5
439,383864.6738,432956.4552,30.6,35.1,45.7,59.3,98.5
297,415811.5762,433432.2556,30.6,35.1,45.7,59.3,98.5
436,352809.2158,432491.0374,30.6,35.1,45.7,59.3,98.5
252,509882.7186,430667.3507,30.6,35.1,45.7,59.3,98.5
436,354233.512,430722.6662,30.6,35.1,45.7,59.3,98.5
449,334083.9445,428723.0579,30.6,35.1,45.7,59.3,98.5
439,376228.7734,428498.9805,30.6,35.1,45.7,59.3,98.5
437,368377.558,427861.7082,30.6,35.1,45.7,59.3,98.5
297,426471.2839,427839.5894,30.6,35.1,45.7,59.3,98.5
436,356308.4011,425669.5147,30.6,35.1,45.7,59.3,98.5
298,408096.8268,425547.4416,30.6,35.1,45.7,59.3,98.5
249,443405.3076,425082.268,30.6,35.1,45.7,59.3,98.5
298,423607.2252,425102.0798,30.6,35.1,45.7,59.3,98.5
298,439130.9756,423131.3147,30.6,35.1,45.7,59.3,98.5
440,381856.2232,423253.8046,30.6,35.1,45.7,59.3,98.5
298,414027.7368,423435.6817,30.6,35.1,45.7,59.3,98.5
437,369312.9458,422429.3668,30.6,35.1,45.7,59.3,98.5
443,353896.2416,422344.5655,30.6,35.1,45.7,59.3,98.5
249,445871.3852,421866.8259,30.6,35.1,45.7,59.3,98.5
298,424405.5155,421102.1216,30.6,35.1,45.7,59.3,98.5
298,432802.5932,421052.3444,30.6,35.1,45.7,59.3,98.5
331,516198.532,417952.408,30.6,35.1,45.7,59.3,98.5
443,358254.6852,417556.9281,30.6,35.1,45.7,59.3,98.5
298,414002.2472,417216.8055,30.6,35.1,45.7,59.3,98.5
441,334043.9928,415943.0039,30.6,35.1,45.7,59.3,98.5
331,519513.8896,415172.0543,30.6,35.1,45.7,59.3,98.5
400,389166.7171,413181.8279,30.6,35.1,45.7,59.3,98.5
400,381478.0381,407539.3155,30.6,35.1,45.7,59.3,98.5
399,371510.2051,410014.4258,30.6,35.1,45.7,59.3,98.5
318,489742.3614,409878.0681,30.6,35.1,45.7,59.3,98.5
400,385024.8063,410180.6006,30.6,35.1,45.7,59.3,98.5
331,526099.4856,409010.9688,30.6,35.1,45.7,59.3,98.5
441,341239.5465,407598.5598,30.6,35.1,45.7,59.3,98.5
441,329569.4641,407338.9994,30.6,35.1,45.7,59.3,98.5
305,435412.4817,407010.7446,30.6,35.1,45.7,59.3,98.5
443,348336.9262,406371.2007,30.6,35.1,45.7,59.3,98.5
399,387126.4027,406091.9308,30.6,35.1,45.7,59.3,98.5
443,357005.8773,405260.9596,30.6,35.1,45.7,59.3,98.5
399,393034.7649,404577.2469,30.6,35.1,45.7,59.3,98.5
399,389886.2568,404651.6315,30.6,35.1,45.7,59.3,98.5
328,458958.1866,402196.0109,30.6,35.1,45.7,59.3,98.5
305,443468.3155,401049.6801,30.6,35.1,45.7,59.3,98.5
397,365519.3083,400317.852,30.6,35.1,45.7,59.3,98.5
398,393950.1524,399761.0333,30.6,35.1,45.7,59.3,98.5
403,357411.025,399765.4406,30.6,35.1,45.7,59.3,98.5
441,332131.5228,399015.7268,30.6,35.1,45.7,59.3,98.5
399,381246.2889,399408.5495,30.6,35.1,45.7,59.3,98.5
399,376367.2691,398599.1704,30.6,35.1,45.7,59.3,98.5
441,341887.6041,398621.4639,30.6,35.1,45.7,59.3,98.5
397,361750.2895,397791.6193,30.6,35.1,45.7,59.3,98.5
399,385618.2177,397187.3992,30.6,35.1,45.7,59.3,98.5
399,379546.551,396509.9562,30.6,35.1,45.7,59.3,98.5
441,334792.7392,397026.9365,30.6,35.1,45.7,59.3,98.5
398,395273.937,394995.987,30.6,35.1,45.7,59.3,98.5
399,375754.4706,395066.377,30.6,35.1,45.7,59.3,98.5
398,392169.9936,394983.1748,30.6,35.1,45.7,59.3,98.5
403,351323.3459,394711.4989,30.6,35.1,45.7,59.3,98.5
304,442755.0467,392761.6903,30.6,35.1,45.7,59.3,98.5
323,448123.3142,392462.4204,30.6,35.1,45.7,59.3,98.5
394,329047.2699,391447.9408,30.6,35.1,45.7,59.3,98.5
398,378360.7713,391527.0115,30.6,35.1,45.7,59.3,98.5
401,347877.745,391747.766,30.6,35.1,45.7,59.3,98.5
441,343892.0283,391301.709,30.6,35.1,45.7,59.3,98.5
441,339257.546,389885.34,30.6,35.1,45.7,59.3,98.5
398,389339.4933,389972.3432,30.6,35.1,45.7,59.3,98.5
324,482068.627,389992.273,30.6,35.1,45.7,59.3,98.5
398,382951.7094,387336.9188,30.6,35.1,45.7,59.3,98.5
397,377342.3646,388780.3183,30.6,35.1,45.7,59.3,98.5
403,362199.6849,390476.9847,30.6,35.1,45.7,59.3,98.5
394,330021.8926,388050.2859,30.6,35.1,45.7,59.3,98.5
306,436245.7108,386577.5559,30.6,35.1,45.7,59.3,98.5
401,351400.1946,386230.8015,30.6,35.1,45.7,59.3,98.5
404,380022.161,385159.4157,30.6,35.1,45.7,59.3,98.5
394,334082.8669,382827.7365,30.6,35.1,45.7,59.3,98.5
394,326843.9965,382656.2937,30.6,35.1,45.7,59.3,98.5
401,352870.6692,381725.4892,30.6,35.1,45.7,59.3,98.5
323,470330.5433,380982.0384,30.6,35.1,45.7,59.3,98.5
404,384551.981,381080.0205,30.6,35.1,45.7,59.3,98.5
323,458739.2397,379718.8906,30.6,35.1,45.7,59.3,98.5
394,340087.5676,376006.9022,30.6,35.1,45.7,59.3,98.5
404,391172.7503,373759.0382,30.6,35.1,45.7,59.3,98.5
307,437668.699,371895.7548,30.6,35.1,45.7,59.3,98.5
140,496659.0755,370611.4597,30.6,35.1,45.7,59.3,98.5
392,365114.0216,366184.8964,30.6,35.1,45.7,59.3,98.5
391,385809.0531,363155.7928,30.6,35.1,45.7,59.3,98.5
345,555962.6256,363874.7899,30.6,35.1,45.7,59.3,98.5
323,454119.3905,360645.2262,30.6,35.1,45.7,59.3,98.5
323,449314.3025,358843.6749,30.6,35.1,45.7,59.3,98.5
392,369999.0521,355523.0517,30.6,35.1,45.7,59.3,98.5
324,480304.4602,353660.2012,30.6,35.1,45.7,59.3,98.5
315,440452.4261,349967.1052,30.6,35.1,45.7,59.3,98.5
303,453124.5003,348756.6032,30.6,35.1,45.7,59.3,98.5
354,384244.8728,346877.5894,30.6,35.1,45.7,59.3,98.5
312,443805.6915,346634.8747,30.6,35.1,45.7,59.3,98.5
303,458999.0597,345117.1151,30.6,35.1,45.7,59.3,98.5
341,532735.3822,343623.7844,30.6,35.1,45.7,59.3,98.5
354,389176.8714,346278.6177,30.6,35.1,45.7,59.3,98.5
300,461717.238,342110.958,30.6,35.1,45.7,59.3,98.5
303,455303.2594,341567.2719,30.6,35.1,45.7,59.3,98.5
312,446451.8444,341707.0249,30.6,35.1,45.7,59.3,98.5
300,458528.6309,336707.1503,30.6,35.1,45.7,59.3,98.5
302,451618.361,336414.3635,30.6,35.1,45.7,59.3,98.5
141,491520.7498,335927.7804,30.6,35.1,45.7,59.3,98.5
315,435682.5314,335048.9087,30.6,35.1,45.7,59.3,98.5
312,448131.0546,333104.5422,30.6,35.1,45.7,59.3,98.5
310,424231.8785,322969.1593,30.6,35.1,45.7,59.3,98.5
353,392666.0367,323104.4167,30.6,35.1,45.7,59.3,98.5
151,524667.7033,322687.7691,30.6,35.1,45.7,59.3,98.5
126,563305.0884,320772.1793,30.6,35.1,45.7,59.3,98.5
310,429417.0054,319792.1622,30.6,35.1,45.7,59.3,98.5
308,475172.2345,319229.8896,30.6,35.1,45.7,59.3,98.5
313,452588.6261,319240.9127,30.6,35.1,45.7,59.3,98.5
348,404491.5808,317694.2272,30.6,35.1,45.7,59.3,98.5
539,349458.2794,312922.3176,30.6,35.1,45.7,59.3,98.5
353,399023.9254,311043.5713,30.6,35.1,45.7,59.3,98.5
534,368585.7536,310229.7546,30.6,35.1,45.7,59.3,98.5
165,622492.2575,309878.9857,30.6,35.1,45.7,59.3,98.5
150,546401.2609,309716.0626,30.6,35.1,45.7,59.3,98.5
346,411915.4166,309523.0234,30.6,35.1,45.7,59.3,98.5
352,405187.2923,309154.8695,30.6,35.1,45.7,59.3,98.5
156,652518.8623,307298.1286,30.6,35.1,45.7,59.3,98.5
309,458854.5166,304325.7255,30.6,35.1,45.7,59.3,98.5
358,421941.0797,303111.9913,30.6,35.1,45.7,59.3,98.5
335,400163.2122,301732.6614,30.6,35.1,45.7,59.3,98.5
335,397311.5246,299719.7239,30.6,35.1,45.7,59.3,98.5
309,460141.5219,298839.3619,30.6,35.1,45.7,59.3,98.5
353,391451.8439,299382.754,30.6,35.1,45.7,59.3,98.5
150,518020.5906,298851.5916,30.6,35.1,45.7,59.3,98.5
335,401569.0498,297867.8945,30.6,35.1,45.7,59.3,98.5
335,412014.5205,296351.0181,30.6,35.1,45.7,59.3,98.5
335,395169.5883,296225.0315,30.6,35.1,45.7,59.3,98.5
358,442432.5213,293637.8434,30.6,35.1,45.7,59.3,98.5
335,396383.5935,292928.0365,30.6,35.1,45.7,59.3,98.5
161,653082.3422,292753.9329,30.6,35.1,45.7,59.3,98.5
335,400872.6387,292858.7152,30.6,35.1,45.7,59.3,98.5
510,390841.4473,291895.3947,30.6,35.1,45.7,59.3,98.5
358,435868.3213,291803.2583,30.6,35.1,45.7,59.3,98.5
510,393974.5427,289402.0868,30.6,35.1,45.7,59.3,98.5
150,489106.1082,289114.3622,30.6,35.1,45.7,59.3,98.5
335,399498.4786,287800.9577,30.6,35.1,45.7,59.3,98.5
510,389326.8324,288463.0939,30.6,35.1,45.7,59.3,98.5
335,397017.7813,288998.9532,30.6,35.1,45.7,59.3,98.5
335,401978.4279,288094.9797,30.6,35.1,45.7,59.3,98.5
152,473314.3463,287250.084,30.6,35.1,45.7,59.3,98.5
335,408348.7408,285629.3511,30.6,35.1,45.7,59.3,98.5
510,391835.903,286490.6752,30.6,35.1,45.7,59.3,98.5
1,435302.9397,286559.2008,30.6,35.1,45.7,59.3,98.5
510,396517.9736,284279.2596,30.6,35.1,45.7,59.3,98.5
510,390504.5229,283817.5131,30.6,35.1,45.7,59.3,98.5
139,586914.7522,283370.308,30.6,35.1,45.7,59.3,98.5
1,433448.9482,279237.6432,30.6,35.1,45.7,59.3,98.5
336,413824.0595,279933.6911,30.6,35.1,45.7,59.3,98.5
130,487550.6697,278226.4376,30.6,35.1,45.7,59.3,98.5
510,382986.2326,276123.3671,30.6,35.1,45.7,59.3,98.5
555,451452.9597,275120.4902,30.6,35.1,45.7,59.3,98.5
355,417188.9128,276331.1379,30.6,35.1,45.7,59.3,98.5
138,570021.2112,276047.6733,30.6,35.1,45.7,59.3,98.5
133,523821.2474,272759.8799,30.6,35.1,45.7,59.3,98.5
1,429411.6219,272012.7216,30.6,35.1,45.7,59.3,98.5
515,395998.8204,270219.1706,30.6,35.1,45.7,59.3,98.5
129,488616.3328,268263.9233,30.6,35.1,45.7,59.3,98.5
150,495549.9433,266631.3233,30.6,35.1,45.7,59.3,98.5
512,404965.8801,266761.6072,30.6,35.1,45.7,59.3,98.5
550,432077.204,266049.1268,30.6,35.1,45.7,59.3,98.5
553,429208.1886,264590.1027,30.6,35.1,45.7,59.3,98.5
138,585548.685,264376.7136,30.6,35.1,45.7,59.3,98.5
131,456859.4217,263168.9892,30.6,35.1,45.7,59.3,98.5
515,389444.7192,262435.4946,30.6,35.1,45.7,59.3,98.5
129,476299.7489,261279.0552,30.6,35.1,45.7,59.3,98.5
172,518275.4496,259731.6834,30.6,35.1,45.7,59.3,98.5
205,604891.243,258513.801,30.6,35.1,45.7,59.3,98.5
135,546169.6136,258347.2763,30.6,35.1,45.7,59.3,98.5
514,385633.415,255396.3373,30.6,35.1,45.7,59.3,98.5
553,419604.2878,255090.1445,30.6,35.1,45.7,59.3,98.5
180,506151.0949,248610.3454,30.6,35.1,45.7,59.3,98.5
506,378205.5537,246382.2387,30.6,35.1,45.7,59.3,98.5
199,566994.0841,245619.4948,30.6,35.1,45.7,59.3,98.5
205,616851.6986,244191.3698,30.6,35.1,45.7,59.3,98.5
505,403969.5097,243216.6199,30.6,35.1,45.7,59.3,98.5
199,588065.3203,241430.3444,30.6,35.1,45.7,59.3,98.5
119,445276.4651,240790.489,30.6,35.1,45.7,59.3,98.5
19,351070.2812,239960.4598,30.6,35.1,45.7,59.3,98.5
182,485426.6058,238545.4103,30.6,35.1,45.7,59.3,98.5
205,629087.5892,234574.7754,30.6,35.1,45.7,59.3,98.5
183,486673.3549,233726.675,30.6,35.1,45.7,59.3,98.5
181,522099.6533,232600.0565,30.6,35.1,45.7,59.3,98.5
181,518930.086,229617.1465,30.6,35.1,45.7,59.3,98.5
202,599426.8297,225371.3439,30.6,35.1,45.7,59.3,98.5
183,492416.7628,225274.9232,30.6,35.1,45.7,59.3,98.5
229,524793.0213,224519.9836,30.6,35.1,45.7,59.3,98.5
212,576112.2485,223341.7382,30.6,35.1,45.7,59.3,98.5
231,507981.9948,223020.5897,30.6,35.1,45.7,59.3,98.5
112,458309.6105,222839.2116,30.6,35.1,45.7,59.3,98.5
197,554162.9223,223153.269,30.6,35.1,45.7,59.3,98.5
509,394221.1476,221995.8965,30.6,35.1,45.7,59.3,98.5
197,548783.3276,221005.9782,30.6,35.1,45.7,59.3,98.5
527,384292.3528,217174.7727,30.6,35.1,45.7,59.3,98.5
201,617614.1383,216167.973,30.6,35.1,45.7,59.3,98.5
212,581831.9759,214804.4723,30.6,35.1,45.7,59.3,98.5
215,513722.171,214278.5932,30.6,35.1,45.7,59.3,98.5
221,481805.0926,213706.0992,30.6,35.1,45.7,59.3,98.5
230,524569.2158,212945.8672,30.6,35.1,45.7,59.3,98.5
198,532488.9539,212862.3722,30.6,35.1,45.7,59.3,98.5
124,435032.508,209915.001,30.6,35.1,45.7,59.3,98.5
197,545580.4255,209786.0714,30.6,35.1,45.7,59.3,98.5
215,522042.842,208510.6859,30.6,35.1,45.7,59.3,98.5
184,537234.6665,208144.9576,30.6,35.1,45.7,59.3,98.5
216,515961.813,207495.5444,30.6,35.1,45.7,59.3,98.5
211,571403.3725,207216.2219,30.6,35.1,45.7,59.3,98.5
212,585322.7802,206844.5202,30.6,35.1,45.7,59.3,98.5
190,506203.6747,207186.3913,30.6,35.1,45.7,59.3,98.5
111,452841.2675,205983.6931,30.6,35.1,45.7,59.3,98.5
123,428624.8891,206712.2648,30.6,35.1,45.7,59.3,98.5
526,384299.6663,205063.2129,30.6,35.1,45.7,59.3,98.5
184,534863.2241,202957.4603,30.6,35.1,45.7,59.3,98.5
222,449681.2808,197710.3787,30.6,35.1,45.7,59.3,98.5
215,519597.0891,196905.5375,30.6,35.1,45.7,59.3,98.5
191,543146.3,196419.272,30.6,35.1,45.7,59.3,98.5
218,513399.1591,196252.4103,30.6,35.1,45.7,59.3,98.5
184,528794.3381,198494.7494,30.6,35.1,45.7,59.3,98.5
218,510739.9428,197397.567,30.6,35.1,45.7,59.3,98.5
207,567811.7049,194985.5331,30.6,35.1,45.7,59.3,98.5
217,506379.8671,194992.7251,30.6,35.1,45.7,59.3,98.5
211,560214.0809,194282.4175,30.6,35.1,45.7,59.3,98.5
235,486410.3286,192866.1846,30.6,35.1,45.7,59.3,98.5
192,524307.8325,191781.3489,30.6,35.1,45.7,59.3,98.5
207,580590.7011,191112.7604,30.6,35.1,45.7,59.3,98.5
222,452133.3124,190422.253,30.6,35.1,45.7,59.3,98.5
192,515044.3601,189636.5367,30.6,35.1,45.7,59.3,98.5
191,541081.5398,190459.1191,30.6,35.1,45.7,59.3,98.5
184,531206.5424,189615.8397,30.6,35.1,45.7,59.3,98.5
188,553054.5676,187819.6757,30.6,35.1,45.7,59.3,98.5
184,537858.1909,190108.4172,30.6,35.1,45.7,59.3,98.5
207,570638.244,188947.0164,30.6,35.1,45.7,59.3,98.5
207,578798.2993,187981.9028,30.6,35.1,45.7,59.3,98.5
207,587562.5296,186847.4472,30.6,35.1,45.7,59.3,98.5
99,417463.8729,187357.0542,30.6,35.1,45.7,59.3,98.5
192,520250.819,185801.095,30.6,35.1,45.7,59.3,98.5
98,414599.0454,185516.7675,30.6,35.1,45.7,59.3,98.5
184,534182.8587,185416.8091,30.6,35.1,45.7,59.3,98.5
186,526795.5645,186682.6612,30.6,35.1,45.7,59.3,98.5
188,547760.3854,184857.245,30.6,35.1,45.7,59.3,98.5
184,531128.8027,184983.5133,30.6,35.1,45.7,59.3,98.5
207,578992.6405,183299.6746,30.6,35.1,45.7,59.3,98.5
185,541339.6102,182915.3194,30.6,35.1,45.7,59.3,98.5
228,508133.8339,182815.9409,30.6,35.1,45.7,59.3,98.5
207,570566.0941,182727.6073,30.6,35.1,45.7,59.3,98.5
518,370883.2966,182840.2457,30.6,35.1,45.7,59.3,98.5
192,516117.463,181630.5902,30.6,35.1,45.7,59.3,98.5
186,536356.8241,181533.5084,30.6,35.1,45.7,59.3,98.5
186,527731.6954,181006.9932,30.6,35.1,45.7,59.3,98.5
239,496852.8327,180665.8564,30.6,35.1,45.7,59.3,98.5
239,488180.8365,180872.6479,30.6,35.1,45.7,59.3,98.5
195,523690.9915,178690.2827,30.6,35.1,45.7,59.3,98.5
195,525568.4364,179564.58,30.6,35.1,45.7,59.3,98.5
207,562035.1433,178871.5823,30.6,35.1,45.7,59.3,98.5
208,558732.8884,178439.2873,30.6,35.1,45.7,59.3,98.5
186,533767.9544,176885.964,30.6,35.1,45.7,59.3,98.5
523,351623.331,178571.4897,30.6,35.1,45.7,59.3,98.5
185,542679.2113,176877.4598,30.6,35.1,45.7,59.3,98.5
189,548567.4649,175573.3432,30.6,35.1,45.7,59.3,98.5
239,495077.9352,176194.5962,30.6,35.1,45.7,59.3,98.5
226,471580.9,175806.2578,30.6,35.1,45.7,59.3,98.5
193,513814.225,175764.0923,30.6,35.1,45.7,59.3,98.5
524,365244.776,174731.4959,30.6,35.1,45.7,59.3,98.5
189,554676.565,174191.603,30.6,35.1,45.7,59.3,98.5
196,526234.77,174096.6005,30.6,35.1,45.7,59.3,98.5
187,537585.3488,174053.4697,30.6,35.1,45.7,59.3,98.5
530,391507.2227,173486.3189,30.6,35.1,45.7,59.3,98.5
523,358884.4323,173304.7795,30.6,35.1,45.7,59.3,98.5
94,565636.4424,172642.636,30.6,35.1,45.7,59.3,98.5
186,530831.8949,174396.4069,30.6,35.1,45.7,59.3,98.5
193,516570.6232,173221.2211,30.6,35.1,45.7,59.3,98.5
225,470708.4273,172298.2092,30.6,35.1,45.7,59.3,98.5
239,500706.6959,170860.9137,30.6,35.1,45.7,59.3,98.5
239,503960.5411,170161.1028,30.6,35.1,45.7,59.3,98.5
195,524677.4446,168124.3081,30.6,35.1,45.7,59.3,98.5
108,633975.9805,169831.91,30.6,35.1,45.7,59.3,98.5
95,574231.8691,166665.337,30.6,35.1,45.7,59.3,98.5
239,486794.9396,168542.0614,30.6,35.1,45.7,59.3,98.5
108,638605.8495,168236.0221,30.6,35.1,45.7,59.3,98.5
239,493243.7046,167990.8202,30.6,35.1,45.7,59.3,98.5
193,519496.1611,167678.3816,30.6,35.1,45.7,59.3,98.5
114,447174.2932,166867.2517,30.6,35.1,45.7,59.3,98.5
223,480429.498,167751.5658,30.6,35.1,45.7,59.3,98.5
189,542135.5719,160686.1317,30.6,35.1,45.7,59.3,98.5
193,515298.1617,166494.7092,30.6,35.1,45.7,59.3,98.5
95,579236.2024,165266.8252,30.6,35.1,45.7,59.3,98.5
108,611700.9837,165954.4768,30.6,35.1,45.7,59.3,98.5
95,576273.5551,164888.4888,30.6,35.1,45.7,59.3,98.5
108,637344.7781,165700.497,30.6,35.1,45.7,59.3,98.5
524,374418.3636,164556.4684,30.6,35.1,45.7,59.3,98.5
108,591255.577,166608.2478,30.6,35.1,45.7,59.3,98.5
196,526711.8722,164371.537,30.6,35.1,45.7,59.3,98.5
196,533133.0216,164182.6102,30.6,35.1,45.7,59.3,98.5
193,521621.1924,162950.7294,30.6,35.1,45.7,59.3,98.5
236,507544.4679,162289.6657,30.6,35.1,45.7,59.3,98.5
237,503762.8593,161555.6726,30.6,35.1,45.7,59.3,98.5
486,334103.738,161380.5855,30.6,35.1,45.7,59.3,98.5
193,520621.841,160843.8558,30.6,35.1,45.7,59.3,98.5
227,511545.6096,161810.8663,30.6,35.1,45.7,59.3,98.5
223,489003.8461,160913.4615,30.6,35.1,45.7,59.3,98.5
193,523353.2828,157829.4823,30.6,35.1,45.7,59.3,98.5
529,385821.8175,158059.5821,30.6,35.1,45.7,59.3,98.5
95,570827.1828,158480.0383,30.6,35.1,45.7,59.3,98.5
109,615017.8086,158060.0858,30.6,35.1,45.7,59.3,98.5
237,499331.2582,158153.0305,30.6,35.1,45.7,59.3,98.5
189,552643.9883,155318.6802,30.6,35.1,45.7,59.3,98.5
95,576225.3752,155076.7295,30.6,35.1,45.7,59.3,98.5
227,513741.2837,155034.2823,30.6,35.1,45.7,59.3,98.5
223,486142.4819,155342.5463,30.6,35.1,45.7,59.3,98.5
223,481050.0634,153426.6328,30.6,35.1,45.7,59.3,98.5
223,462902.606,152136.7917,30.6,35.1,45.7,59.3,98.5
223,486914.791,150575.3619,30.6,35.1,45.7,59.3,98.5
236,501044.9503,152137.9415,30.6,35.1,45.7,59.3,98.5
227,525620.4715,150178.8255,30.6,35.1,45.7,59.3,98.5
227,527815.8153,149970.4779,30.6,35.1,45.7,59.3,98.5
520,377937.6672,148121.995,30.6,35.1,45.7,59.3,98.5
97,559492.311,146898.1391,30.6,35.1,45.7,59.3,98.5
214,485478.0917,147097.9142,30.6,35.1,45.7,59.3,98.5
54,436385.2088,146101.4518,30.6,35.1,45.7,59.3,98.5
227,528200.8289,143492.8157,30.6,35.1,45.7,59.3,98.5
109,601195.9385,142259.1799,30.6,35.1,45.7,59.3,98.5
102,630808.6234,142204.6507,30.6,35.1,45.7,59.3,98.5
227,527227.4983,140975.4427,30.6,35.1,45.7,59.3,98.5
97,558864.2005,139833.2461,30.6,35.1,45.7,59.3,98.5
107,539148.4468,138401.9752,30.6,35.1,45.7,59.3,98.5
227,527116.194,136681.3791,30.6,35.1,45.7,59.3,98.5
478,330273.4562,136952.853,30.6,35.1,45.7,59.3,98.5
102,621050.1661,136643.4448,30.6,35.1,45.7,59.3,98.5
498,255686.2887,132819.6283,30.6,35.1,45.7,59.3,98.5
213,489667.8625,132908.1748,30.6,35.1,45.7,59.3,98.5
32,517900.5755,131419.7083,30.6,35.1,45.7,59.3,98.5
49,414063.5752,130621.8327,30.6,35.1,45.7,59.3,98.5
107,551800.9745,130415.7833,30.6,35.1,45.7,59.3,98.5
56,447510.2699,129522.9107,30.6,35.1,45.7,59.3,98.5
487,322766.1892,124774.437,30.6,35.1,45.7,59.3,98.5
105,533673.4867,124153.8626,30.6,35.1,45.7,59.3,98.5
56,443289.1387,121018.6613,30.6,35.1,45.7,59.3,98.5
56,446372.8739,119128.4494,30.6,35.1,45.7,59.3,98.5
125,531349.4369,119167.0985,30.6,35.1,45.7,59.3,98.5
488,354818.433,116470.1481,30.6,35.1,45.7,59.3,98.5
56,442433.1576,113523.9767,30.6,35.1,45.7,59.3,98.5
57,435003.7688,113544.1225,30.6,35.1,45.7,59.3,98.5
35,469511.0712,112810.8224,30.6,35.1,45.7,59.3,98.5
104,580604.5016,111019.3294,30.6,35.1,45.7,59.3,98.5
35,468094.5108,108866.3151,30.6,35.1,45.7,59.3,98.5
104,573318.5148,108137.2178,30.6,35.1,45.7,59.3,98.5
35,471390.1628,107180.4976,30.6,35.1,45.7,59.3,98.5
35,451402.693,107149.7966,30.6,35.1,45.7,59.3,98.5
125,530517.1149,106265.3196,30.6,35.1,45.7,59.3,98.5
35,456925.3038,106227.9437,30.6,35.1,45.7,59.3,98.5
35,486279.8215,105261.1837,30.6,35.1,45.7,59.3,98.5
125,518506.1109,105063.4209,30.6,35.1,45.7,59.3,98.5
125,513065.2194,104092.6197,30.6,35.1,45.7,59.3,98.5
64,443047.7941,104322.9166,30.6,35.1,45.7,59.3,98.5
36,506924.4339,102805.1839,30.6,35.1,45.7,59.3,98.5
35,465074.0246,102774.1384,30.6,35.1,45.7,59.3,98.5
35,455804.7227,102085.8901,30.6,35.1,45.7,59.3,98.5
104,560949.1543,100942.6067,30.6,35.1,45.7,59.3,98.5
35,459694.923,100979.5277,30.6,35.1,45.7,59.3,98.5
33,493245.8846,99763.27999,30.6,35.1,45.7,59.3,98.5
60,417675.4542,93694.59394,30.6,35.1,45.7,59.3,98.5
42,409771.0422,93545.18244,30.6,35.1,45.7,59.3,98.5
81,293460.9542,92359.13014,30.6,35.1,45.7,59.3,98.5
46,403234.6321,92772.20135,30.6,35.1,45.7,59.3,98.5
64,449614.2743,89340.80917,30.6,35.1,45.7,59.3,98.5
80,301454.3702,81848.90905,30.6,35.1,45.7,59.3,98.5
83,367380.6468,80403.24237,30.6,35.1,45.7,59.3,98.5
89,286093.8179,71094.63323,30.6,35.1,45.7,59.3,98.5
90,291719.7986,65427.01914,30.6,35.1,45.7,59.3,98.5
90,288626.7139,61238.68347,30.6,35.1,45.7,59.3,98.5
67,248921.4414,57436.93461,30.6,35.1,45.7,59.3,98.5
491,202324.728,52796.19364,30.6,35.1,45.7,59.3,98.5
492,182083.4404,44949.47017,30.6,35.1,45.7,59.3,98.5
417,340417.5208,366541.3446,30.6,35.1,45.7,59.3,98.5
406,284775.0044,378929.4489,30.6,35.1,45.7,59.3,98.5
420,333892.6096,350926.1986,30.6,35.1,45.7,59.3,98.5
15,316367.177,210681.1755,30.6,35.1,45.7,59.3,98.5
16,305151.2487,207333.3185,30.6,35.1,45.7,59.3,98.5
384,189800.6343,205353.9821,30.6,35.1,45.7,59.3,98.5
16,299780.4744,202839.1162,30.6,35.1,45.7,59.3,98.5
380,251984.0325,200507.1332,30.6,35.1,45.7,59.3,98.5
3,328729.0123,200270.8553,30.6,35.1,45.7,59.3,98.5
12,274193.168,197321.6157,30.6,35.1,45.7,59.3,98.5
13,264964.0017,194740.7243,30.6,35.1,45.7,59.3,98.5
3,328978.344,195073.9531,30.6,35.1,45.7,59.3,98.5
16,308283.0332,189649.5249,30.6,35.1,45.7,59.3,98.5
11,276150.8531,189092.7485,30.6,35.1,45.7,59.3,98.5
2,332447.7219,187362.5012,30.6,35.1,45.7,59.3,98.5
15,315029.8307,187473.9594,30.6,35.1,45.7,59.3,98.5
10,291213.7776,179983.572,30.6,35.1,45.7,59.3,98.5
16,317335.2703,178632.335,30.6,35.1,45.7,59.3,98.5
17,317776.2992,171679.1407,30.6,35.1,45.7,59.3,98.5
17,312262.5089,168421.273,30.6,35.1,45.7,59.3,98.5
1,434190.8244,279935.8295,30.6,35.1,45.7,59.3,98.5
2,329714.2577,190194.446,30.6,35.1,45.7,59.3,98.5
3,327373.3439,200989.4333,30.6,35.1,45.7,59.3,98.5
4,336399.9937,196325.916,30.6,35.1,45.7,59.3,98.5
5,343316.2514,203587.2747,30.6,35.1,45.7,59.3,98.5
6,290793.4222,250911.337,30.6,35.1,45.7,59.3,98.5
7,309142.6246,270030.1848,30.6,35.1,45.7,59.3,98.5
8,291720.2142,269161.7218,30.6,35.1,45.7,59.3,98.5
9,343360.6802,189787.6349,30.6,35.1,45.7,59.3,98.5
10,291990.7814,184274.2816,30.6,35.1,45.7,59.3,98.5
11,282232.0354,189597.8697,30.6,35.1,45.7,59.3,98.5
12,285529.9726,206789.2141,30.6,35.1,45.7,59.3,98.5
13,270122.4351,201108.6936,30.6,35.1,45.7,59.3,98.5
14,309920.177,223563.1065,30.6,35.1,45.7,59.3,98.5
15,318882.2091,195519.0697,30.6,35.1,45.7,59.3,98.5
16,303774.6683,200159.3847,30.6,35.1,45.7,59.3,98.5
17,305354.4415,175204.4526,30.6,35.1,45.7,59.3,98.5
18,356762.7134,224655.6822,30.6,35.1,45.7,59.3,98.5
19,334866.6476,242872.6248,30.6,35.1,45.7,59.3,98.5
20,363525.3053,250193.7891,30.6,35.1,45.7,59.3,98.5
21,296137.2276,294075.2921,30.6,35.1,45.7,59.3,98.5
22,360165.308,203849.6719,30.6,35.1,45.7,59.3,98.5
23,353348.2914,203765.1319,30.6,35.1,45.7,59.3,98.5
24,338039.8302,225513.0136,30.6,35.1,45.7,59.3,98.5
25,313236.565,232310.9933,30.6,35.1,45.7,59.3,98.5
26,303818.3671,248771.8766,30.6,35.1,45.7,59.3,98.5
27,312093.4597,253973.3819,30.6,35.1,45.7,59.3,98.5
28,353622.3053,249704.9343,30.6,35.1,45.7,59.3,98.5
29,333966.6771,264496.3501,30.6,35.1,45.7,59.3,98.5
30,333322.9256,255574.0058,30.6,35.1,45.7,59.3,98.5
31,311322.9846,243444.5605,30.6,35.1,45.7,59.3,98.5
32,507169.9412,131743.0249,30.6,35.1,45.7,59.3,98.5
33,494036.3559,104811.44,30.6,35.1,45.7,59.3,98.5
34,487759.3113,108882.6493,30.6,35.1,45.7,59.3,98.5
35,466397.3075,109646.7328,30.6,35.1,45.7,59.3,98.5
36,508237.4736,103202.0319,30.6,35.1,45.7,59.3,98.5
37,504268.5387,110604.9672,30.6,35.1,45.7,59.3,98.5
38,485916.8215,123120.4754,30.6,35.1,45.7,59.3,98.5
39,398377.3024,111862.3438,30.6,35.1,45.7,59.3,98.5
40,421833.5074,145937.194,30.6,35.1,45.7,59.3,98.5
41,412844.879,116094.8189,30.6,35.1,45.7,59.3,98.5
42,407909.5472,96500.94657,30.6,35.1,45.7,59.3,98.5
43,407107.4799,107433.9372,30.6,35.1,45.7,59.3,98.5
44,387067.085,108759.2895,30.6,35.1,45.7,59.3,98.5
45,370584.4994,109754.5796,30.6,35.1,45.7,59.3,98.5
46,400060.4769,92728.78827,30.6,35.1,45.7,59.3,98.5
47,379553.9374,96535.00387,30.6,35.1,45.7,59.3,98.5
48,370735.7841,92009.97274,30.6,35.1,45.7,59.3,98.5
49,413311.1637,152165.0579,30.6,35.1,45.7,59.3,98.5
50,397307.5681,141955.4445,30.6,35.1,45.7,59.3,98.5
51,395970.0913,129679.2294,30.6,35.1,45.7,59.3,98.5
52,377482.0185,126584.0591,30.6,35.1,45.7,59.3,98.5
53,431779.909,131649.5636,30.6,35.1,45.7,59.3,98.5
54,432029.6375,147615.3647,30.6,35.1,45.7,59.3,98.5
55,449584.9658,140480.8568,30.6,35.1,45.7,59.3,98.5
56,453031.7906,128437.355,30.6,35.1,45.7,59.3,98.5
57,435026.8065,114734.7723,30.6,35.1,45.7,59.3,98.5
58,427119.7907,119196.2228,30.6,35.1,45.7,59.3,98.5
59,427654.4486,103736.8263,30.6,35.1,45.7,59.3,98.5
60,424763.1133,96011.11648,30.6,35.1,45.7,59.3,98.5
61,440942.8027,142993.1059,30.6,35.1,45.7,59.3,98.5
62,437942.4745,155337.4995,30.6,35.1,45.7,59.3,98.5
63,451836.8108,150333.0362,30.6,35.1,45.7,59.3,98.5
64,446381.9159,91676.80845,30.6,35.1,45.7,59.3,98.5
65,264794.2225,56045.2755,30.6,35.1,45.7,59.3,98.5
66,257272.4302,53647.61097,30.6,35.1,45.7,59.3,98.5
67,254735.1827,62264.11083,30.6,35.1,45.7,59.3,98.5
68,246483.856,59973.68286,30.6,35.1,45.7,59.3,98.5
69,273792.6027,67195.20131,30.6,35.1,45.7,59.3,98.5
70,277154.8377,43636.57671,30.6,35.1,45.7,59.3,98.5
71,272303.9343,53878.1113,30.6,35.1,45.7,59.3,98.5
72,224740.6576,81497.40184,30.6,35.1,45.7,59.3,98.5
73,236903.4191,90615.08188,30.6,35.1,45.7,59.3,98.5
74,246506.7721,88441.79528,30.6,35.1,45.7,59.3,98.5
75,223950.128,90902.38673,30.6,35.1,45.7,59.3,98.5
76,251579.4461,75668.4585,30.6,35.1,45.7,59.3,98.5
77,240743.2195,72890.78284,30.6,35.1,45.7,59.3,98.5
78,235486.3394,81330.7564,30.6,35.1,45.7,59.3,98.5
79,312590.7835,99181.74507,30.6,35.1,45.7,59.3,98.5
80,301392.1049,92228.29726,30.6,35.1,45.7,59.3,98.5
81,290999.0304,91671.25178,30.6,35.1,45.7,59.3,98.5
82,281875.0845,100807.2626,30.6,35.1,45.7,59.3,98.5
83,367833.5491,81916.07117,30.6,35.1,45.7,59.3,98.5
84,337333.2955,95190.27853,30.6,35.1,45.7,59.3,98.5
85,329042.2614,101968.58,30.6,35.1,45.7,59.3,98.5
86,315696.4295,90132.65287,30.6,35.1,45.7,59.3,98.5
87,291598.1147,134678.4338,30.6,35.1,45.7,59.3,98.5
88,293488.532,81934.24101,30.6,35.1,45.7,59.3,98.5
89,279406.5602,81110.93309,30.6,35.1,45.7,59.3,98.5
90,288859.2299,60503.90962,30.6,35.1,45.7,59.3,98.5
91,294400.0373,116337.9651,30.6,35.1,45.7,59.3,98.5
92,306797.8231,109775.4234,30.6,35.1,45.7,59.3,98.5
93,282102.3298,134777.3644,30.6,35.1,45.7,59.3,98.5
94,573979.2111,173671.8241,30.6,35.1,45.7,59.3,98.5
95,573922.27,158887.4213,30.6,35.1,45.7,59.3,98.5
96,578577.4844,140838.9555,30.6,35.1,45.7,59.3,98.5
97,561462.88,148234.4233,30.6,35.1,45.7,59.3,98.5
98,411501.6105,193958.0325,30.6,35.1,45.7,59.3,98.5
99,421134.9561,187667.1574,30.6,35.1,45.7,59.3,98.5
100,399143.9124,195749.28,30.6,35.1,45.7,59.3,98.5
101,400738.2437,207619.0916,30.6,35.1,45.7,59.3,98.5
102,617099.3838,136517.3137,30.6,35.1,45.7,59.3,98.5
103,579925.1786,125657.6451,30.6,35.1,45.7,59.3,98.5
104,563451.1655,109450.7713,30.6,35.1,45.7,59.3,98.5
105,541951.7658,119592.0035,30.6,35.1,45.7,59.3,98.5
106,541638.8008,146976.0341,30.6,35.1,45.7,59.3,98.5
107,548403.9511,135943.0507,30.6,35.1,45.7,59.3,98.5
108,601422.3039,163969.138,30.6,35.1,45.7,59.3,98.5
109,613713.4209,150975.8328,30.6,35.1,45.7,59.3,98.5
110,448082.0977,209424.6854,30.6,35.1,45.7,59.3,98.5
111,453642.3241,209232.0709,30.6,35.1,45.7,59.3,98.5
112,460965.1201,219930.4982,30.6,35.1,45.7,59.3,98.5
113,448486.4781,226602.7627,30.6,35.1,45.7,59.3,98.5
114,438127.8086,168304.7618,30.6,35.1,45.7,59.3,98.5
115,438469.9789,177851.7889,30.6,35.1,45.7,59.3,98.5
116,417893.2986,172613.139,30.6,35.1,45.7,59.3,98.5
117,427616.9847,164578.0787,30.6,35.1,45.7,59.3,98.5
118,440383.4771,237655.4989,30.6,35.1,45.7,59.3,98.5
119,449781.9901,246936.4438,30.6,35.1,45.7,59.3,98.5
120,409725.6777,210746.4934,30.6,35.1,45.7,59.3,98.5
121,432725.4133,222938.4047,30.6,35.1,45.7,59.3,98.5
122,442563.7614,205616.3619,30.6,35.1,45.7,59.3,98.5
123,425433.2509,204847.6907,30.6,35.1,45.7,59.3,98.5
124,419627.4226,219258.1534,30.6,35.1,45.7,59.3,98.5
125,522729.7295,114662.11,30.6,35.1,45.7,59.3,98.5
126,563552.251,318807.8606,30.6,35.1,45.7,59.3,98.5
127,536497.0653,291156.5795,30.6,35.1,45.7,59.3,98.5
128,561822.3371,300911.8227,30.6,35.1,45.7,59.3,98.5
129,484445.266,261987.4258,30.6,35.1,45.7,59.3,98.5
130,483352.1959,277761.5282,30.6,35.1,45.7,59.3,98.5
131,466007.7488,259762.454,30.6,35.1,45.7,59.3,98.5
132,473117.9724,270434.8263,30.6,35.1,45.7,59.3,98.5
133,536964.8038,268400.778,30.6,35.1,45.7,59.3,98.5
134,559881.9712,263004.6411,30.6,35.1,45.7,59.3,98.5
135,544820.8811,257133.5795,30.6,35.1,45.7,59.3,98.5
136,561434.2117,294233.9824,30.6,35.1,45.7,59.3,98.5
137,580057.6786,301284.3924,30.6,35.1,45.7,59.3,98.5
138,571479.7406,270562.799,30.6,35.1,45.7,59.3,98.5
139,573601.2621,285307.0757,30.6,35.1,45.7,59.3,98.5
140,490745.8442,379594.004,30.6,35.1,45.7,59.3,98.5
141,489103.7188,343371.1074,30.6,35.1,45.7,59.3,98.5
142,532360.0652,331474.519,30.6,35.1,45.7,59.3,98.5
143,507382.7005,323000.9855,30.6,35.1,45.7,59.3,98.5
144,513173.6444,364641.171,30.6,35.1,45.7,59.3,98.5
145,506703.1035,350856.3465,30.6,35.1,45.7,59.3,98.5
146,503435.6281,368842.5583,30.6,35.1,45.7,59.3,98.5
147,509418.6253,379732.1475,30.6,35.1,45.7,59.3,98.5
148,551452.4281,322988.3175,30.6,35.1,45.7,59.3,98.5
149,536697.668,312389.3403,30.6,35.1,45.7,59.3,98.5
150,511887.9054,291457.2447,30.6,35.1,45.7,59.3,98.5
151,518697.8216,310869.1305,30.6,35.1,45.7,59.3,98.5
152,481446.5243,295684.5204,30.6,35.1,45.7,59.3,98.5
153,491662.8507,309215.1946,30.6,35.1,45.7,59.3,98.5
154,537671.5868,323401.6888,30.6,35.1,45.7,59.3,98.5
155,634442.1815,303195.8781,30.6,35.1,45.7,59.3,98.5
156,626793.3065,283790.2401,30.6,35.1,45.7,59.3,98.5
157,621138.1178,325405.0976,30.6,35.1,45.7,59.3,98.5
158,632580.5563,326883.495,30.6,35.1,45.7,59.3,98.5
159,623999.8327,339531.4277,30.6,35.1,45.7,59.3,98.5
160,643819.3601,314993.7804,30.6,35.1,45.7,59.3,98.5
161,648923.1408,287700.8449,30.6,35.1,45.7,59.3,98.5
162,639008.7673,276789.1879,30.6,35.1,45.7,59.3,98.5
163,642721.3737,266135.9297,30.6,35.1,45.7,59.3,98.5
164,635749.6934,258827.4465,30.6,35.1,45.7,59.3,98.5
165,610411.9546,316683.3064,30.6,35.1,45.7,59.3,98.5
166,613373.3393,300840.0587,30.6,35.1,45.7,59.3,98.5
167,591888.7699,326662.1025,30.6,35.1,45.7,59.3,98.5
168,595275.5971,315920.0645,30.6,35.1,45.7,59.3,98.5
169,550532.5941,239468.5974,30.6,35.1,45.7,59.3,98.5
170,556689.0256,246812.6566,30.6,35.1,45.7,59.3,98.5
171,511856.2334,276517.8895,30.6,35.1,45.7,59.3,98.5
172,514282.289,261822.8648,30.6,35.1,45.7,59.3,98.5
173,599063.427,291123.2784,30.6,35.1,45.7,59.3,98.5
174,596197.3345,274208.0183,30.6,35.1,45.7,59.3,98.5
175,535010.7493,244461.2197,30.6,35.1,45.7,59.3,98.5
176,467886.1154,247812.886,30.6,35.1,45.7,59.3,98.5
177,469011.1933,233604.5969,30.6,35.1,45.7,59.3,98.5
178,576879.8933,335727.2517,30.6,35.1,45.7,59.3,98.5
179,596413.3284,336907.1453,30.6,35.1,45.7,59.3,98.5
180,499256.2221,250200.7049,30.6,35.1,45.7,59.3,98.5
181,515576.3498,236601.1072,30.6,35.1,45.7,59.3,98.5
182,483041.8689,239999.3067,30.6,35.1,45.7,59.3,98.5
183,492324.0073,230031.9355,30.6,35.1,45.7,59.3,98.5
184,534862.9243,197430.3381,30.6,35.1,45.7,59.3,98.5
185,541280.227,180815.2096,30.6,35.1,45.7,59.3,98.5
186,531232.3226,178808.1041,30.6,35.1,45.7,59.3,98.5
187,539205.5854,167253.424,30.6,35.1,45.7,59.3,98.5
188,551507.9599,186663.5998,30.6,35.1,45.7,59.3,98.5
189,551471.2506,164035.2119,30.6,35.1,45.7,59.3,98.5
190,502612.7164,206395.4991,30.6,35.1,45.7,59.3,98.5
191,551207.5048,202247.4311,30.6,35.1,45.7,59.3,98.5
192,519682.2518,187708.5655,30.6,35.1,45.7,59.3,98.5
193,518631.4988,165882.5169,30.6,35.1,45.7,59.3,98.5
194,537383.2117,227253.1271,30.6,35.1,45.7,59.3,98.5
195,522678.6728,174926.8109,30.6,35.1,45.7,59.3,98.5
196,529921.847,162290.5432,30.6,35.1,45.7,59.3,98.5
197,548811.9243,219521.7216,30.6,35.1,45.7,59.3,98.5
198,540974.5942,219513.1683,30.6,35.1,45.7,59.3,98.5
199,581425.3636,244467.912,30.6,35.1,45.7,59.3,98.5
200,597737.658,247834.4023,30.6,35.1,45.7,59.3,98.5
201,615405.2178,223125.4617,30.6,35.1,45.7,59.3,98.5
202,588166.1081,228255.8718,30.6,35.1,45.7,59.3,98.5
203,635311.3312,244135.2187,30.6,35.1,45.7,59.3,98.5
204,624258.6621,252506.7134,30.6,35.1,45.7,59.3,98.5
205,611064.9099,248620.6118,30.6,35.1,45.7,59.3,98.5
206,606409.3201,232546.1893,30.6,35.1,45.7,59.3,98.5
207,584737.1515,193126.5784,30.6,35.1,45.7,59.3,98.5
208,557911.3811,175732.0401,30.6,35.1,45.7,59.3,98.5
209,560559.8186,184860.1786,30.6,35.1,45.7,59.3,98.5
210,595982.9261,212977.856,30.6,35.1,45.7,59.3,98.5
211,568043.9443,211066.8294,30.6,35.1,45.7,59.3,98.5
212,576166.1391,224490.8107,30.6,35.1,45.7,59.3,98.5
213,482010.0374,136124.2666,30.6,35.1,45.7,59.3,98.5
214,473273.5993,139000.7624,30.6,35.1,45.7,59.3,98.5
215,518983.5555,205124.7465,30.6,35.1,45.7,59.3,98.5
216,508718.7787,212346.2667,30.6,35.1,45.7,59.3,98.5
217,497117.5505,201883.5547,30.6,35.1,45.7,59.3,98.5
218,512201.425,198820.4761,30.6,35.1,45.7,59.3,98.5
219,449382.6408,160628.4174,30.6,35.1,45.7,59.3,98.5
220,451429.9525,168228.5071,30.6,35.1,45.7,59.3,98.5
221,474801.8614,208372.5837,30.6,35.1,45.7,59.3,98.5
222,443037.0586,193421.9476,30.6,35.1,45.7,59.3,98.5
223,475760.9819,158263.6456,30.6,35.1,45.7,59.3,98.5
224,474492.3674,175616.1718,30.6,35.1,45.7,59.3,98.5
225,465039.5938,167184.6802,30.6,35.1,45.7,59.3,98.5
226,458691.5493,181355.3081,30.6,35.1,45.7,59.3,98.5
227,521976.2164,147720.0677,30.6,35.1,45.7,59.3,98.5
228,510369.1666,176981.6309,30.6,35.1,45.7,59.3,98.5
229,529555.0828,223645.211,30.6,35.1,45.7,59.3,98.5
230,519719.3025,219321.1475,30.6,35.1,45.7,59.3,98.5
231,517022.5617,216361.5187,30.6,35.1,45.7,59.3,98.5
232,505154.721,140060.4513,30.6,35.1,45.7,59.3,98.5
233,493070.1202,142939.3757,30.6,35.1,45.7,59.3,98.5
234,477309.9051,186582.3711,30.6,35.1,45.7,59.3,98.5
235,484521.0439,195170.3767,30.6,35.1,45.7,59.3,98.5
236,502213.7318,152497.3746,30.6,35.1,45.7,59.3,98.5
237,496662.4454,161985.5977,30.6,35.1,45.7,59.3,98.5
238,498977.0808,190668.2347,30.6,35.1,45.7,59.3,98.5
239,494057.3953,175163.7605,30.6,35.1,45.7,59.3,98.5
240,477266.8915,504542.0546,30.6,35.1,45.7,59.3,98.5
241,503886.095,488044.2905,30.6,35.1,45.7,59.3,98.5
242,502941.035,471022.5714,30.6,35.1,45.7,59.3,98.5
243,525050.9033,432201.7456,30.6,35.1,45.7,59.3,98.5
244,416540.4563,516101.6778,30.6,35.1,45.7,59.3,98.5
245,389439.4259,524831.6797,30.6,35.1,45.7,59.3,98.5
246,397563.1069,510556.0267,30.6,35.1,45.7,59.3,98.5
247,469408.5335,516744.9574,30.6,35.1,45.7,59.3,98.5
248,465298.7033,420276.7388,30.6,35.1,45.7,59.3,98.5
249,453849.3072,425670.281,30.6,35.1,45.7,59.3,98.5
250,459923.4303,433638.7939,30.6,35.1,45.7,59.3,98.5
251,514356.8149,440946.9996,30.6,35.1,45.7,59.3,98.5
252,500941.9373,450704.8566,30.6,35.1,45.7,59.3,98.5
253,488023.2386,434854.9657,30.6,35.1,45.7,59.3,98.5
254,370264.5035,589554.5865,30.6,35.1,45.7,59.3,98.5
255,431761.6414,548783.3494,30.6,35.1,45.7,59.3,98.5
256,404827.0051,535192.3658,30.6,35.1,45.7,59.3,98.5
257,390949.0417,556973.5287,30.6,35.1,45.7,59.3,98.5
258,374669.0456,555470.6742,30.6,35.1,45.7,59.3,98.5
259,387459.45,575912.1409,30.6,35.1,45.7,59.3,98.5
260,384263.2581,596017.2578,30.6,35.1,45.7,59.3,98.5
261,446329.5442,515264.582,30.6,35.1,45.7,59.3,98.5
262,435396.3485,509896.9073,30.6,35.1,45.7,59.3,98.5
263,453167.638,507611.6398,30.6,35.1,45.7,59.3,98.5
264,430889.4758,525989.6016,30.6,35.1,45.7,59.3,98.5
265,416450.0979,544534.8358,30.6,35.1,45.7,59.3,98.5
266,444465.6957,537397.3078,30.6,35.1,45.7,59.3,98.5
267,450427.2238,519863.4338,30.6,35.1,45.7,59.3,98.5
268,439261.1596,522652.044,30.6,35.1,45.7,59.3,98.5
269,412837.9806,448917.0519,30.6,35.1,45.7,59.3,98.5
270,436851.6398,478000.294,30.6,35.1,45.7,59.3,98.5
271,445532.5316,486702.8385,30.6,35.1,45.7,59.3,98.5
272,465109.5162,475966.7611,30.6,35.1,45.7,59.3,98.5
273,442418.628,472095.3994,30.6,35.1,45.7,59.3,98.5
274,434538.3738,465557.4754,30.6,35.1,45.7,59.3,98.5
275,479307.757,484180.4932,30.6,35.1,45.7,59.3,98.5
276,493275.8635,484380.3634,30.6,35.1,45.7,59.3,98.5
277,404208.1372,485350.6143,30.6,35.1,45.7,59.3,98.5
278,437594.3973,496629.9509,30.6,35.1,45.7,59.3,98.5
279,433079.525,486480.2586,30.6,35.1,45.7,59.3,98.5
280,405709.7899,460069.9142,30.6,35.1,45.7,59.3,98.5
281,473813.3573,492230.2063,30.6,35.1,45.7,59.3,98.5
282,466944.0523,492367.1113,30.6,35.1,45.7,59.3,98.5
283,458146.2038,489708.446,30.6,35.1,45.7,59.3,98.5
284,422821.4155,471673.7942,30.6,35.1,45.7,59.3,98.5
285,461244.8046,446388.1226,30.6,35.1,45.7,59.3,98.5
286,443073.7042,440925.8903,30.6,35.1,45.7,59.3,98.5
287,462936.1507,462757.0608,30.6,35.1,45.7,59.3,98.5
288,455292.9468,453893.4983,30.6,35.1,45.7,59.3,98.5
289,470715.3757,435702.426,30.6,35.1,45.7,59.3,98.5
290,474976.9664,462731.7073,30.6,35.1,45.7,59.3,98.5
291,480195.9084,449670.6453,30.6,35.1,45.7,59.3,98.5
292,451540.1761,440588.5618,30.6,35.1,45.7,59.3,98.5
293,424804.163,461165.8275,30.6,35.1,45.7,59.3,98.5
294,446248.2137,461571.584,30.6,35.1,45.7,59.3,98.5
295,452764.9165,469785.48,30.6,35.1,45.7,59.3,98.5
296,418827.941,452603.5003,30.6,35.1,45.7,59.3,98.5
297,409343.8957,442793.5404,30.6,35.1,45.7,59.3,98.5
298,413565.4348,420282.8529,30.6,35.1,45.7,59.3,98.5
299,434423.557,445509.9388,30.6,35.1,45.7,59.3,98.5
300,464549.1713,344770.5004,30.6,35.1,45.7,59.3,98.5
301,473182.4947,337015.3525,30.6,35.1,45.7,59.3,98.5
302,452254.8537,335502.6786,30.6,35.1,45.7,59.3,98.5
303,454624.2838,347687.4336,30.6,35.1,45.7,59.3,98.5
304,444770.24,395977.8067,30.6,35.1,45.7,59.3,98.5
305,435185.8454,406181.1465,30.6,35.1,45.7,59.3,98.5
306,428239.7772,393065.8349,30.6,35.1,45.7,59.3,98.5
307,440824.4713,375515.0484,30.6,35.1,45.7,59.3,98.5
308,475875.9035,316094.4915,30.6,35.1,45.7,59.3,98.5
309,457000.7785,297593.8158,30.6,35.1,45.7,59.3,98.5
310,423806.0142,320360.4943,30.6,35.1,45.7,59.3,98.5
311,411865.5688,346530.7054,30.6,35.1,45.7,59.3,98.5
312,446129.6684,345320.3007,30.6,35.1,45.7,59.3,98.5
313,452671.7494,317469.2763,30.6,35.1,45.7,59.3,98.5
314,436076.0976,326446.9743,30.6,35.1,45.7,59.3,98.5
315,434395.6471,342836.5413,30.6,35.1,45.7,59.3,98.5
316,485124.2001,415917.2111,30.6,35.1,45.7,59.3,98.5
317,480151.5831,411190.5875,30.6,35.1,45.7,59.3,98.5
318,487828.359,408204.3046,30.6,35.1,45.7,59.3,98.5
319,421936.5583,490004.4605,30.6,35.1,45.7,59.3,98.5
320,406738.8792,500965.0471,30.6,35.1,45.7,59.3,98.5
321,399713.6379,465810.694,30.6,35.1,45.7,59.3,98.5
322,390944.4573,475317.2411,30.6,35.1,45.7,59.3,98.5
323,461132.766,377662.6712,30.6,35.1,45.7,59.3,98.5
324,479203.9602,371802.8386,30.6,35.1,45.7,59.3,98.5
325,453903.0838,401400.686,30.6,35.1,45.7,59.3,98.5
326,450302.7877,409022.2643,30.6,35.1,45.7,59.3,98.5
327,464774.4753,411754.3497,30.6,35.1,45.7,59.3,98.5
328,465398.0436,400735.1963,30.6,35.1,45.7,59.3,98.5
329,490106.0245,397759.8835,30.6,35.1,45.7,59.3,98.5
330,482389.4698,397504.2782,30.6,35.1,45.7,59.3,98.5
331,515063.6392,412264.1406,30.6,35.1,45.7,59.3,98.5
332,527716.6194,395254.1511,30.6,35.1,45.7,59.3,98.5
333,540113.7918,391945.0648,30.6,35.1,45.7,59.3,98.5
334,539256.8182,381869.9159,30.6,35.1,45.7,59.3,98.5
335,403670.3742,291944.9127,30.6,35.1,45.7,59.3,98.5
336,412801.1381,282641.0279,30.6,35.1,45.7,59.3,98.5
337,490904.4166,420219.5366,30.6,35.1,45.7,59.3,98.5
338,502954.6814,400053.5485,30.6,35.1,45.7,59.3,98.5
339,545183.0494,349504.0402,30.6,35.1,45.7,59.3,98.5
340,536344.9494,344018.2967,30.6,35.1,45.7,59.3,98.5
341,516322.6462,337945.056,30.6,35.1,45.7,59.3,98.5
342,526595.0592,362147.6,30.6,35.1,45.7,59.3,98.5
343,550650.228,379962.2545,30.6,35.1,45.7,59.3,98.5
344,548890.8612,371351.2719,30.6,35.1,45.7,59.3,98.5
345,542964.5759,361874.2789,30.6,35.1,45.7,59.3,98.5
346,415918.278,309305.704,30.6,35.1,45.7,59.3,98.5
347,430235.2378,312636.1751,30.6,35.1,45.7,59.3,98.5
348,403786.1036,318506.0957,30.6,35.1,45.7,59.3,98.5
349,402917.9772,331999.8041,30.6,35.1,45.7,59.3,98.5
350,428849.3109,359048.6705,30.6,35.1,45.7,59.3,98.5
351,438686.1215,358472.9963,30.6,35.1,45.7,59.3,98.5
352,412895.6494,318136.7189,30.6,35.1,45.7,59.3,98.5
353,388994.6343,318480.6627,30.6,35.1,45.7,59.3,98.5
354,391103.9699,341830.9337,30.6,35.1,45.7,59.3,98.5
355,419434.5357,279045.8122,30.6,35.1,45.7,59.3,98.5
356,414718.061,370726.3169,30.6,35.1,45.7,59.3,98.5
357,419179.756,383187.0663,30.6,35.1,45.7,59.3,98.5
358,435606.5053,299892.2004,30.6,35.1,45.7,59.3,98.5
359,417775.1902,297976.9179,30.6,35.1,45.7,59.3,98.5
360,271541.0289,264354.4946,30.6,35.1,45.7,59.3,98.5
361,234116.4616,254514.0847,30.6,35.1,45.7,59.3,98.5
362,254881.8255,258676.0956,30.6,35.1,45.7,59.3,98.5
363,255872.8543,267436.6334,30.6,35.1,45.7,59.3,98.5
364,234638.7377,242617.338,30.6,35.1,45.7,59.3,98.5
365,243907.995,242815.1919,30.6,35.1,45.7,59.3,98.5
366,252387.06,246825.5977,30.6,35.1,45.7,59.3,98.5
367,263638.7864,252840.3007,30.6,35.1,45.7,59.3,98.5
368,282528.1032,305720.0001,30.6,35.1,45.7,59.3,98.5
369,262463.8938,298542.4389,30.6,35.1,45.7,59.3,98.5
370,265955.1617,306953.9364,30.6,35.1,45.7,59.3,98.5
371,261532.704,310795.5833,30.6,35.1,45.7,59.3,98.5
372,270743.6474,274562.9224,30.6,35.1,45.7,59.3,98.5
373,273845.9811,283105.5525,30.6,35.1,45.7,59.3,98.5
374,266296.3695,288892.2417,30.6,35.1,45.7,59.3,98.5
375,241424.9135,228706.7427,30.6,35.1,45.7,59.3,98.5
376,260956.0259,224929.4401,30.6,35.1,45.7,59.3,98.5
377,260091.5199,237644.5722,30.6,35.1,45.7,59.3,98.5
378,275575.0395,225099.6474,30.6,35.1,45.7,59.3,98.5
379,262388.1684,208512.7923,30.6,35.1,45.7,59.3,98.5
380,246553.2208,207946.2154,30.6,35.1,45.7,59.3,98.5
381,240899.7476,218353.875,30.6,35.1,45.7,59.3,98.5
382,247659.2068,221811.9075,30.6,35.1,45.7,59.3,98.5
383,201770.2874,219787.1277,30.6,35.1,45.7,59.3,98.5
384,184605.7312,229832.9863,30.6,35.1,45.7,59.3,98.5
385,220401.4612,244402.568,30.6,35.1,45.7,59.3,98.5
386,226524.0777,237947.1254,30.6,35.1,45.7,59.3,98.5
387,270975.9039,234447.3202,30.6,35.1,45.7,59.3,98.5
388,282660.2734,237383.5585,30.6,35.1,45.7,59.3,98.5
389,276815.1856,249907.0406,30.6,35.1,45.7,59.3,98.5
390,217741.4993,213931.337,30.6,35.1,45.7,59.3,98.5
391,382914.304,363725.7304,30.6,35.1,45.7,59.3,98.5
392,365254.0411,351651.9325,30.6,35.1,45.7,59.3,98.5
393,292535.3051,335248.0929,30.6,35.1,45.7,59.3,98.5
394,340109.4538,375299.6843,30.6,35.1,45.7,59.3,98.5
395,358092.8673,375742.7415,30.6,35.1,45.7,59.3,98.5
396,375478.2655,375189.7859,30.6,35.1,45.7,59.3,98.5
397,367791.8059,399031.5322,30.6,35.1,45.7,59.3,98.5
398,397283.8083,392028.5206,30.6,35.1,45.7,59.3,98.5
399,379630.3829,405885.2672,30.6,35.1,45.7,59.3,98.5
400,389141.4754,413793.4996,30.6,35.1,45.7,59.3,98.5
401,352229.8321,386573.4685,30.6,35.1,45.7,59.3,98.5
402,365723.3766,388312.1601,30.6,35.1,45.7,59.3,98.5
403,354216.8182,396111.8733,30.6,35.1,45.7,59.3,98.5
404,385134.4147,379350.2895,30.6,35.1,45.7,59.3,98.5
405,278285.654,357154.7166,30.6,35.1,45.7,59.3,98.5
406,287322.7162,377100.4325,30.6,35.1,45.7,59.3,98.5
407,303077.5147,364221.9482,30.6,35.1,45.7,59.3,98.5
408,314743.1457,377222.4439,30.6,35.1,45.7,59.3,98.5
409,274370.1198,323848.5985,30.6,35.1,45.7,59.3,98.5
410,261383.6429,327431.4964,30.6,35.1,45.7,59.3,98.5
411,270762.6209,340425.2241,30.6,35.1,45.7,59.3,98.5
412,246222.4604,361465.3524,30.6,35.1,45.7,59.3,98.5
413,346652.8447,342607.4526,30.6,35.1,45.7,59.3,98.5
414,319107.1704,343875.6905,30.6,35.1,45.7,59.3,98.5
415,320580.7706,335827.3012,30.6,35.1,45.7,59.3,98.5
416,297815.9196,348721.1772,30.6,35.1,45.7,59.3,98.5
417,338845.6962,363917.2947,30.6,35.1,45.7,59.3,98.5
418,325682.0334,358799.4086,30.6,35.1,45.7,59.3,98.5
419,341218.8641,352688.9879,30.6,35.1,45.7,59.3,98.5
420,333894.9483,345833.6461,30.6,35.1,45.7,59.3,98.5
421,354978.6835,484334.5415,30.6,35.1,45.7,59.3,98.5
422,349683.1696,497016.0799,30.6,35.1,45.7,59.3,98.5
423,340434.3191,482597.9102,30.6,35.1,45.7,59.3,98.5
424,362714.7736,482861.3697,30.6,35.1,45.7,59.3,98.5
425,372086.3805,490972.7272,30.6,35.1,45.7,59.3,98.5
426,362239.7001,503130.7284,30.6,35.1,45.7,59.3,98.5
427,350408.6864,470956.5317,30.6,35.1,45.7,59.3,98.5
428,320365.5148,524098.5265,30.6,35.1,45.7,59.3,98.5
429,320578.1748,547216.9237,30.6,35.1,45.7,59.3,98.5
430,336104.4416,558289.6379,30.6,35.1,45.7,59.3,98.5
431,344649.2156,558026.7169,30.6,35.1,45.7,59.3,98.5
432,335316.0919,499074.0584,30.6,35.1,45.7,59.3,98.5
433,318861.1263,491319.9939,30.6,35.1,45.7,59.3,98.5
434,307069.3425,514236.7307,30.6,35.1,45.7,59.3,98.5
435,298880.0796,517795.4803,30.6,35.1,45.7,59.3,98.5
436,350556.1303,428448.223,30.6,35.1,45.7,59.3,98.5
437,365689.4228,425411.1865,30.6,35.1,45.7,59.3,98.5
438,363611.9567,434720.1365,30.6,35.1,45.7,59.3,98.5
439,382772.9953,434563.804,30.6,35.1,45.7,59.3,98.5
440,380856.2806,420426.7311,30.6,35.1,45.7,59.3,98.5
441,337905.5082,403431.7958,30.6,35.1,45.7,59.3,98.5
442,341275.5502,425859.2213,30.6,35.1,45.7,59.3,98.5
443,353647.4684,413309.867,30.6,35.1,45.7,59.3,98.5
444,351161.7434,463978.4525,30.6,35.1,45.7,59.3,98.5
445,369008.0389,465989.2591,30.6,35.1,45.7,59.3,98.5
446,369021.2431,476477.6189,30.6,35.1,45.7,59.3,98.5
447,380288.9663,457183.9527,30.6,35.1,45.7,59.3,98.5
448,366937.2564,450061.0224,30.6,35.1,45.7,59.3,98.5
449,345982.7093,444114.4199,30.6,35.1,45.7,59.3,98.5
450,412837.4195,613120.6114,30.6,35.1,45.7,59.3,98.5
451,401939.6472,603905.0928,30.6,35.1,45.7,59.3,98.5
452,425041.1339,594626.3382,30.6,35.1,45.7,59.3,98.5
453,395050.2603,626669.6893,30.6,35.1,45.7,59.3,98.5
454,379499.7208,612483.5681,30.6,35.1,45.7,59.3,98.5
455,412035.1456,633057.1671,30.6,35.1,45.7,59.3,98.5
456,426565.095,562936.3052,30.6,35.1,45.7,59.3,98.5
457,407228.5793,563140.7453,30.6,35.1,45.7,59.3,98.5
458,404350.4502,552004.0567,30.6,35.1,45.7,59.3,98.5
459,394154.2536,565487.1305,30.6,35.1,45.7,59.3,98.5
460,408099.2425,587540.187,30.6,35.1,45.7,59.3,98.5
461,413936.4639,576852.575,30.6,35.1,45.7,59.3,98.5
462,429553.7928,574531.7913,30.6,35.1,45.7,59.3,98.5
463,356593.2822,542818.5169,30.6,35.1,45.7,59.3,98.5
464,346479.7157,519032.1344,30.6,35.1,45.7,59.3,98.5
465,370719.9205,516870.6373,30.6,35.1,45.7,59.3,98.5
466,336576.7249,539415.0637,30.6,35.1,45.7,59.3,98.5
467,346161.7961,539150.0457,30.6,35.1,45.7,59.3,98.5
468,359093.8389,566107.9349,30.6,35.1,45.7,59.3,98.5
469,348111.7433,581382.51,30.6,35.1,45.7,59.3,98.5
470,397008.0685,652643.4278,30.6,35.1,45.7,59.3,98.5
471,391793.0772,646532.6163,30.6,35.1,45.7,59.3,98.5
472,384564.326,637395.1483,30.6,35.1,45.7,59.3,98.5
473,333517.7665,565607.6509,30.6,35.1,45.7,59.3,98.5
474,350217.0057,573723.7687,30.6,35.1,45.7,59.3,98.5
475,339308.2456,572952.689,30.6,35.1,45.7,59.3,98.5
476,323019.5422,138866.8599,30.6,35.1,45.7,59.3,98.5
477,347059.7103,132221.9105,30.6,35.1,45.7,59.3,98.5
478,329421.4254,133847.2346,30.6,35.1,45.7,59.3,98.5
479,336056.1125,126535.8369,30.6,35.1,45.7,59.3,98.5
480,278272.4175,116257.2192,30.6,35.1,45.7,59.3,98.5
481,273472.4637,106230.0752,30.6,35.1,45.7,59.3,98.5
482,265573.9654,100312.2492,30.6,35.1,45.7,59.3,98.5
483,282231.9479,142398.3083,30.6,35.1,45.7,59.3,98.5
484,352314.443,140774.3811,30.6,35.1,45.7,59.3,98.5
485,343912.5817,152593.7648,30.6,35.1,45.7,59.3,98.5
486,334482.5284,161764.9173,30.6,35.1,45.7,59.3,98.5
487,316094.9849,125624.0065,30.6,35.1,45.7,59.3,98.5
488,358079.8033,117570.3898,30.6,35.1,45.7,59.3,98.5
489,340069.7792,115152.0669,30.6,35.1,45.7,59.3,98.5
490,215538.5042,65253.01233,30.6,35.1,45.7,59.3,98.5
491,199349.1822,48871.54293,30.6,35.1,45.7,59.3,98.5
492,188374.6782,49146.76241,30.6,35.1,45.7,59.3,98.5
493,165887.3461,39084.73992,30.6,35.1,45.7,59.3,98.5
494,231962.5045,101820.8162,30.6,35.1,45.7,59.3,98.5
495,241147.2197,61594.7042,30.6,35.1,45.7,59.3,98.5
496,231553.2466,67913.37513,30.6,35.1,45.7,59.3,98.5
497,227444.6236,58066.76464,30.6,35.1,45.7,59.3,98.5
498,260262.2163,130061.0542,30.6,35.1,45.7,59.3,98.5
499,264080.2795,114498.368,30.6,35.1,45.7,59.3,98.5
500,274016.1853,128426.5791,30.6,35.1,45.7,59.3,98.5
501,205795.4489,73940.23153,30.6,35.1,45.7,59.3,98.5
502,219913.5928,100232.6228,30.6,35.1,45.7,59.3,98.5
503,248067.1685,109926.6336,30.6,35.1,45.7,59.3,98.5
504,250553.3474,131336.3243,30.6,35.1,45.7,59.3,98.5
505,399649.187,244835.0355,30.6,35.1,45.7,59.3,98.5
506,382610.7703,241868.4984,30.6,35.1,45.7,59.3,98.5
507,373867.6155,256823.0198,30.6,35.1,45.7,59.3,98.5
508,388944.6848,218753.6662,30.6,35.1,45.7,59.3,98.5
509,390709.8357,225673.6757,30.6,35.1,45.7,59.3,98.5
510,388310.9269,285503.5721,30.6,35.1,45.7,59.3,98.5
511,414803.1654,249724.4513,30.6,35.1,45.7,59.3,98.5
512,410854.6024,265419.0085,30.6,35.1,45.7,59.3,98.5
513,357092.5581,270616.6096,30.6,35.1,45.7,59.3,98.5
514,386186.3431,256648.4362,30.6,35.1,45.7,59.3,98.5
515,391560.6097,268504.4654,30.6,35.1,45.7,59.3,98.5
516,379567.9924,267243.4718,30.6,35.1,45.7,59.3,98.5
517,372011.0146,285129.5273,30.6,35.1,45.7,59.3,98.5
518,366917.9826,181930.6703,30.6,35.1,45.7,59.3,98.5
519,368757.5609,156235.4948,30.6,35.1,45.7,59.3,98.5
520,374019.1232,147273.7095,30.6,35.1,45.7,59.3,98.5
521,345142.8193,161725.3155,30.6,35.1,45.7,59.3,98.5
522,346450.4859,170667.165,30.6,35.1,45.7,59.3,98.5
523,355422.7359,174053.0326,30.6,35.1,45.7,59.3,98.5
524,369505.2832,167840.9811,30.6,35.1,45.7,59.3,98.5
525,370942.2498,208316.4013,30.6,35.1,45.7,59.3,98.5
526,387302.2361,205012.3718,30.6,35.1,45.7,59.3,98.5
527,378972.1424,214758.7288,30.6,35.1,45.7,59.3,98.5
528,371450.8481,232140.5401,30.6,35.1,45.7,59.3,98.5
529,385447.6094,154953.8324,30.6,35.1,45.7,59.3,98.5
530,393086.9641,178839.5005,30.6,35.1,45.7,59.3,98.5
531,397162.5245,157711.7463,30.6,35.1,45.7,59.3,98.5
532,367643.058,191339.7011,30.6,35.1,45.7,59.3,98.5
533,351680.9198,328881.438,30.6,35.1,45.7,59.3,98.5
534,372564.9666,319240.7679,30.6,35.1,45.7,59.3,98.5
535,365783.3764,330760.6462,30.6,35.1,45.7,59.3,98.5
536,324353.7727,310279.9322,30.6,35.1,45.7,59.3,98.5
537,348591.466,301021.7054,30.6,35.1,45.7,59.3,98.5
538,358786.8594,311896.0524,30.6,35.1,45.7,59.3,98.5
539,340552.6771,316060.9079,30.6,35.1,45.7,59.3,98.5
540,326406.7984,295468.7924,30.6,35.1,45.7,59.3,98.5
541,302190.6804,318598.9849,30.6,35.1,45.7,59.3,98.5
542,302315.8674,309314.3406,30.6,35.1,45.7,59.3,98.5
543,293721.8865,284994.9133,30.6,35.1,45.7,59.3,98.5
544,329030.497,324702.733,30.6,35.1,45.7,59.3,98.5
545,315769.9996,317930.3717,30.6,35.1,45.7,59.3,98.5
546,313074.8704,327122.0698,30.6,35.1,45.7,59.3,98.5
547,310609.7475,295268.8959,30.6,35.1,45.7,59.3,98.5
548,362934.3507,301655.2395,30.6,35.1,45.7,59.3,98.5
549,353540.3089,286215.807,30.6,35.1,45.7,59.3,98.5
550,444309.7864,263862.4454,30.6,35.1,45.7,59.3,98.5
551,364427.0566,280351.8711,30.6,35.1,45.7,59.3,98.5
552,425567.281,240150.5201,30.6,35.1,45.7,59.3,98.5
553,428515.618,256275.1955,30.6,35.1,45.7,59.3,98.5
554,377369.7443,302034.817,30.6,35.1,45.7,59.3,98.5
555,453592.8858,278414.1353,30.6,35.1,45.7,59.3,98.5
556,325126.4601,276706.7415,30.6,35.1,45.7,59.3,98.5
557,331366.3122,283059.8452,30.6,35.1,45.7,59.3,98.5
558,430484.2307,269262.1845,30.6,35.1,45.7,59.3,98.5
559,343812.5625,272213.3173,30.6,35.1,45.7,59.3,98.5
560,342591.7671,289740.6816,30.6,35.1,45.7,59.3,98.5
